audit_month,total_rows,paradox_teleport_count,paradox_slave_labor_count,paradox_time_travel_count,trip_miles_nulls,trip_miles_zeros,trip_miles_negatives,trip_miles_mean,trip_miles_std,trip_miles_min,trip_miles_p01,trip_miles_p50,trip_miles_p99,trip_miles_p99.9,trip_miles_max,trip_km_nulls,trip_km_zeros,trip_km_negatives,trip_km_mean,trip_km_std,trip_km_min,trip_km_p01,trip_km_p50,trip_km_p99,trip_km_p99.9,trip_km_max,trip_time_nulls,trip_time_zeros,trip_time_negatives,trip_time_mean,trip_time_std,trip_time_min,trip_time_p01,trip_time_p50,trip_time_p99,trip_time_p99.9,trip_time_max,base_passenger_fare_nulls,base_passenger_fare_zeros,base_passenger_fare_negatives,base_passenger_fare_mean,base_passenger_fare_std,base_passenger_fare_min,base_passenger_fare_p01,base_passenger_fare_p50,base_passenger_fare_p99,base_passenger_fare_p99.9,base_passenger_fare_max,driver_pay_nulls,driver_pay_zeros,driver_pay_negatives,driver_pay_mean,driver_pay_std,driver_pay_min,driver_pay_p01,driver_pay_p50,driver_pay_p99,driver_pay_p99.9,driver_pay_max,tips_nulls,tips_zeros,tips_negatives,tips_mean,tips_std,tips_min,tips_p01,tips_p50,tips_p99,tips_p99.9,tips_max,tolls_nulls,tolls_zeros,tolls_negatives,tolls_mean,tolls_std,tolls_min,tolls_p01,tolls_p50,tolls_p99,tolls_p99.9,tolls_max,congestion_surcharge_nulls,congestion_surcharge_zeros,congestion_surcharge_negatives,congestion_surcharge_mean,congestion_surcharge_std,congestion_surcharge_min,congestion_surcharge_p01,congestion_surcharge_p50,congestion_surcharge_p99,congestion_surcharge_p99.9,congestion_surcharge_max,airport_fee_nulls,airport_fee_zeros,airport_fee_negatives,airport_fee_mean,airport_fee_std,airport_fee_min,airport_fee_p01,airport_fee_p50,airport_fee_p99,airport_fee_p99.9,airport_fee_max,bcf_nulls,bcf_zeros,bcf_negatives,bcf_mean,bcf_std,bcf_min,bcf_p01,bcf_p50,bcf_p99,bcf_p99.9,bcf_max,sales_tax_nulls,sales_tax_zeros,sales_tax_negatives,sales_tax_mean,sales_tax_std,sales_tax_min,sales_tax_p01,sales_tax_p50,sales_tax_p99,sales_tax_p99.9,sales_tax_max,speed_kmh_nulls,speed_kmh_zeros,speed_kmh_negatives,speed_kmh_mean,speed_kmh_std,speed_kmh_min,speed_kmh_p01,speed_kmh_p50,speed_kmh_p99,speed_kmh_p99.9,speed_kmh_max,cbd_congestion_fee_nulls,cbd_congestion_fee_zeros,cbd_congestion_fee_negatives,cbd_congestion_fee_mean,cbd_congestion_fee_std,cbd_congestion_fee_min,cbd_congestion_fee_p01,cbd_congestion_fee_p50,cbd_congestion_fee_p99,cbd_congestion_fee_p99.9,cbd_congestion_fee_max
2019-02-01,20159102,439,1820303,0,0,6697,0,4.660525420725586,5.415589814704541,0.0,0.48,2.88,25.33,49.11,469.26,0,6697,0,7.500369980590514,8.715525312395775,0.0,0.7724831999999999,4.6348991999999996,40.7645822,79.0346874,755.1988884,0,3433,0,1117.9651282085879,773.0596016884077,0.0,179.0,928.0,3705.0,5655.0,83847.0,0,14919,75034,15.707833796366524,16.1257926144908,-163.28,1.91,10.74,78.39,152.45,1097.29,0,2181917,23,13.801676066225568,14.669903267114947,-85.65,0.0,9.72,71.88,130.14,857.72,0,17395258,0,0.485433898791722,1.8012781650468646,0.0,0.0,0.0,8.88,19.91,400.0,0,18056370,0,0.7686298918473651,3.1853168843518196,0.0,0.0,0.0,20.0,26.65,171.08,513041,10881590,0,0.9752398330637373,1.2418242161088235,0.0,0.0,0.0,2.75,2.75,2.75,20159102,0,0,,,,,,,,,0,1263007,0,0.39881250662851947,0.4517551793003918,0.0,0.0,0.26,2.23,4.11,27.93,0,821060,0,1.311348279799368,1.294873530648165,0.0,0.0,0.91,6.22,11.18,89.6,0,6697,0,NaN,NaN,0.0,6.592744551724138,18.819328204121685,61.27186477361655,77.2204626902272,inf,,,,,,,,,,,
2019-03-01,23864598,338,1881248,0,0,11336,0,4.699487343134797,5.419776982682405,0.0,0.48,2.91,25.33,49.44,452.55,0,11336,0,7.563072960800555,8.722263889311764,0.0,0.7724831999999999,4.6831794,40.7645822,79.5657696,728.306817,0,5106,0,1131.3891760506503,793.9187239954088,0.0,180.0,932.0,3840.0,5820.0,82950.0,0,9444,67729,15.428586560309963,16.275353972666718,-149.02,2.35,10.18,79.55,155.39,2255.49,0,2268859,39,14.480154014746027,15.153333064929122,-136.91,0.0,10.18,74.02,133.71,1624.26,0,20615615,0,0.4928174620833755,1.8418615920652899,0.0,0.0,0.0,9.24,20.0,200.0,0,21433398,0,0.7835460144771765,3.2053757861162024,0.0,0.0,0.0,20.0,26.99,165.8,0,13723471,0,0.9473005683984285,1.241662549232278,0.0,0.0,0.0,2.75,2.75,2.75,23864598,0,0,,,,,,,,,0,1470504,0,0.39508279586356326,0.45709419966870274,0.0,0.0,0.25,2.27,4.17,56.39,0,1028346,1,1.2934904237649425,1.3100910930802696,-0.64,0.0,0.87,6.28,11.4,200.17,0,11336,0,NaN,NaN,0.0,6.5209620779220785,18.87316909090909,60.80411019073569,76.92495000823496,inf,,,,,,,,,,,
2019-04-01,21734822,320,1725692,0,0,17947,0,4.7145830267208995,5.4397186890895455,0.0,0.48,2.92,25.52,49.96,414.5,0,17947,0,7.587367048223013,8.754356875098916,0.0,0.7724831999999999,4.6992728,41.0703568,80.4026264,667.07143,0,3909,0,1133.2442563366749,804.7587620262655,0.0,180.0,928.0,3900.0,5970.0,84250.0,0,9465,63243,16.25473565599019,16.70429593124146,-111.21,2.2,11.0,82.04,157.07,1313.41,0,2068380,70,14.579251346525867,15.455290973018837,-6867.28,0.0,10.14,75.29,135.16,847.52,0,18724104,0,0.520095273382041,1.9381645142050332,0.0,0.0,0.0,10.0,20.05,150.0,0,19471586,0,0.8301524098057945,3.2968112445237425,0.0,0.0,0.0,20.0,27.32,158.24,0,12554285,0,0.9517073914845036,1.246616572232756,0.0,0.0,0.0,2.75,2.75,2.75,21734822,0,0,,,,,,,,,0,1407832,0,0.4127907962623297,0.4693258128206067,0.0,0.0,0.27,2.33,4.23,29.43,0,994409,1,1.3510940885552225,1.3429066017823146,-3.0,0.0,0.93,6.43,11.47,104.47,0,17947,0,NaN,NaN,0.0,6.376630188679244,19.030954784810127,61.120846026058636,76.9301095909091,inf,,,,,,,,,,,
2019-05-01,22329247,284,1768611,0,0,10034,0,4.746520543258803,5.523642826447037,0.0,0.48,2.89,25.9,50.61,417.79,0,10034,0,7.638765371088122,8.889419346315007,0.0,0.7724831999999999,4.6509926,41.681906,81.4486974,672.3661586000001,0,1908,0,1177.3142270762646,872.6273549958183,0.0,187.0,945.0,4286.0,6572.0,82061.0,0,13168,53724,17.741449361906383,17.943883997543832,-118.9,2.87,12.06,89.45,168.27,2371.27,0,2133503,8,15.523745667285601,16.741667255202515,-69.63,0.0,10.57,81.84,147.28,1691.34,0,19213071,0,0.5995254340641223,2.1826875481607466,0.0,0.0,0.0,10.06,23.14,130.0,0,19850708,0,0.868982712672756,3.3697185583411664,0.0,0.0,0.0,20.0,27.55,121.63,0,12980186,0,0.9560186467550832,1.2524148173376457,0.0,0.0,0.0,2.75,2.75,2.75,22329247,0,0,,,,,,,,,0,9861558,0,0.2596167877940532,0.4285021448158593,0.0,0.0,0.14,2.0,3.82,41.13,0,972300,1,1.4543128216549355,1.4335736674448687,-0.64,0.0,1.0,6.89,12.46,207.58,0,10034,0,NaN,NaN,0.0,6.102080833333334,18.548190556242275,60.13772993227992,75.58014933228964,inf,,,,,,,,,,,
2019-06-01,21001990,312,1785626,0,0,8580,0,4.760501500143557,5.556168670584723,0.0,0.49,2.9,26.06,51.372,468.15,0,8580,0,7.661265484241033,8.941764488317743,0.0,0.7885766,4.667085999999999,41.9394004,82.67501448,753.412521,0,935,0,1174.8615351211956,871.9373755786886,0.0,193.0,944.0,4312.0,6710.0,85103.0,0,7917,42371,18.54462853758144,18.38668784375201,-179.32,3.32,12.72,91.7,171.09,1642.24,0,2124515,8,15.501905458482744,16.92458463599243,-90.54,0.0,10.6,83.01,150.95,1153.58,0,17954359,0,0.6585012134564392,2.343230678093928,0.0,0.0,0.0,11.0,24.78,150.0,0,18461435,0,0.8748875458944604,3.4032195436132184,0.0,0.0,0.0,20.0,28.15,107.5,0,12067762,0,0.9864791384054559,1.265760756029748,0.0,0.0,0.0,2.75,2.75,2.75,21001990,0,0,,,,,,,,,0,15337892,0,0.12941984640503112,0.32389686795019323,0.0,0.0,0.0,1.53,2.97,18.48,0,880380,0,1.4999615084094413,1.468339451515526,0.0,0.0,1.04,7.1,12.74,204.85,0,8580,0,NaN,NaN,0.0,5.980850628366246,18.6419447318612,60.038987965616045,75.49596101028999,inf,,,,,,,,,,,
2019-07-01,20303312,179,2203874,0,0,5584,0,4.723669808600685,5.5916112854224105,0.0,0.49,2.87,25.91,52.557,526.16,0,5584,0,7.601990769773427,8.99880370608137,0.0,0.7885766,4.6188058000000005,41.6979994,84.58208238,846.7703343999999,0,197,0,1123.447722125336,830.4586398841309,0.0,189.0,906.0,4052.0,6609.0,81525.0,0,648914,75634,17.09904305021762,17.971971613892602,-1969.59,0.0,11.64,87.09,169.95,2215.22,0,2641583,0,14.406541719400263,16.38170030708891,0.0,0.0,9.81,79.18,150.44,1581.72,0,17594747,0,0.6031325258657306,2.2522982607467297,0.0,0.0,0.0,10.39,24.03,160.0,0,18217125,0,0.8160729791277403,3.3339133736731594,0.0,0.0,0.0,20.0,28.13,1720.0,0,11866607,0,0.9511507654514691,1.2519194325736562,0.0,0.0,0.0,2.75,2.75,2.75,20303311,1,0,0.0,,0.0,0.0,0.0,0.0,0.0,0.0,0,14981774,0,0.12465870937707109,0.3179038779427226,0.0,0.0,0.0,1.49,2.95,32.26,0,1498333,0,1.3858319076217713,1.4286806577112343,0.0,0.0,0.95,6.81,12.46,114.52,0,5584,0,NaN,NaN,0.0,6.118678811881189,19.177968333333332,60.240925189718475,75.38038090483619,inf,,,,,,,,,,,
2019-08-01,20126113,220,3740654,0,0,5661,0,4.85918875194629,5.742908257051235,0.0,0.496,2.96,26.319,53.856,615.01,0,5661,0,7.820086826057243,9.242291974402415,0.0,0.7982326399999999,4.7636464,42.35621946,86.67261504,989.7601933999999,0,410,0,1131.8822636045022,828.9042335580946,0.0,191.0,917.0,4032.0,6489.0,78663.0,0,2320267,36290,15.850622058516715,17.802635738850615,-1513.59,0.0,10.89,83.5,165.69,2710.5,0,4425405,6,12.988168954432483,16.237304543754036,-10.0,0.0,8.64,76.38,146.45,1929.62,0,17720964,0,0.547797331755019,2.1676000835897486,0.0,0.0,0.0,10.0,23.32,100.0,0,18144388,0,0.7661119944024959,3.2570200583042963,0.0,0.0,0.0,20.0,27.62,1326.12,0,12479298,0,0.8587581342706364,1.2184217459076137,0.0,0.0,0.0,2.75,2.75,2.75,20126108,5,0,0.0,0.0,0.0,0.0,0.0,0.0,0.0,0.0,0,14816246,0,0.12707450763095685,0.3177301488989779,0.0,0.0,0.0,1.48,2.94,39.76,0,3051387,0,1.2827662947137382,1.4127516258349377,0.0,0.0,0.89,6.51,12.14,151.73,0,5661,0,NaN,NaN,0.0,6.57432510638298,19.43531113947129,60.23929550310558,75.66436391167193,inf,,,,,,,,,,,
2019-09-01,20069321,243,1814858,0,0,19924,0,4.8534639218735895,5.647764044250444,0.0,0.48,2.95,26.549,51.289,424.74,0,19924,0,7.810873628028043,9.089172586973033,0.0,0.7724831999999999,4.747553,42.72636766,82.54143926,683.5510716,0,504,0,1190.7455909943342,878.6549613752367,0.0,192.0,962.0,4273.0,6602.0,78053.0,0,6669,50841,18.285031416359327,17.758215026847687,-82.46,2.94,12.7,88.43,164.35,1505.83,0,2136856,34,14.872930251103165,15.635258277770903,-314.9,0.0,10.45,75.33,137.65,1077.4,0,17402683,0,0.6252487964092059,2.313720498845751,0.0,0.0,0.0,10.91,24.26,241.85,0,17825091,0,0.8913111445075794,3.435573638818447,0.0,0.0,0.0,20.0,28.87,110.09,0,11230383,0,1.017142122047876,1.2716406524942665,0.0,0.0,0.0,2.75,2.75,5.5,20069234,87,0,0.0,0.0,0.0,0.0,0.0,0.0,0.0,0.0,0,8142905,0,0.29502192425942064,0.461843337976343,0.0,0.0,0.18,2.17,4.06,29.71,0,859397,0,1.4909738201905285,1.4271297693293779,0.0,0.0,1.05,6.86,12.34,105.47,0,19924,0,NaN,NaN,0.0,5.74142918918919,18.599670269192426,60.59153330082886,75.77037191958043,inf,,,,,,,,,,,
2019-10-01,21162290,303,2064435,0,0,14899,0,4.794659038459448,5.6064282221339905,0.0,0.48,2.88,26.569,50.82,420.31,0,14899,0,7.716236576954328,9.02264919500789,0.0,0.7724831999999999,4.6348991999999996,42.75855446,81.7866588,676.4216954,0,339,0,1181.0083618549788,856.3954130151673,0.0,193.0,960.0,4153.0,6366.0,70492.0,0,7001,46762,18.18130712980495,17.354482955523725,-133.83,2.81,12.87,86.31,162.66,2419.64,0,2432956,53,14.133775107041819,14.273527475966793,-58.45,0.0,10.26,67.92,123.31,817.14,0,18257003,0,0.6520426839439398,2.352700273115426,0.0,0.0,0.0,11.14,24.4,200.0,0,18770792,0,0.8934354316097171,3.446940390681767,0.0,0.0,0.0,20.39,27.62,106.3,0,11596272,0,1.0450767733548685,1.2781182942024036,0.0,0.0,0.0,2.75,2.75,8.25,21162277,13,0,0.0,0.0,0.0,0.0,0.0,0.0,0.0,0.0,0,1151785,0,0.46995180956314275,0.5107514545603995,0.0,0.0,0.31,2.55,4.6,60.31,0,907283,0,1.492887981404659,1.4131979573051388,0.0,0.0,1.06,6.82,12.24,214.08,0,14899,0,NaN,NaN,0.0,5.720976677115987,18.415738734177214,60.23074455445544,75.40862037512339,inf,,,,,,,,,,,
2019-11-01,21635568,357,1932340,7926,0,15090,0,4.704668579673989,5.48955568785831,0.0,0.47,2.83,26.06,49.84,378.11,0,15090,0,7.571411332012536,8.834561550697803,0.0,0.7563898,4.5544322,41.9394004,80.2095056,608.5075474,0,57,0,1147.277571497083,823.7084231477269,0.0,190.0,933.0,4082.0,6183.0,86053.0,0,4882,42702,17.201249235980306,16.935065927084757,-81.14,2.77,11.97,84.12,159.34,1156.26,0,2295182,205,13.981409173542383,13.766506533322708,-31.91,0.0,10.32,66.25,119.43,846.72,0,18712789,0,0.6223714454827347,2.2946328636297557,0.0,0.0,0.0,10.77,24.2,420.0,0,19307384,0,0.85394330668832,3.4083638067705313,0.0,0.0,0.0,20.05,29.4,129.17,0,12318800,0,1.0031248544064109,1.274268945101182,0.0,0.0,0.0,2.75,2.75,13.75,21635508,60,0,0.0,0.0,0.0,0.0,0.0,0.0,0.0,0.0,0,1047411,0,0.5768408474415833,0.8024449877851156,0.0,0.0,0.34,3.87,8.67,94.5,0,874120,0,1.4257735965147762,1.3825349527389619,0.0,0.0,1.0,6.7,12.05,105.67,0,15090,0,NaN,NaN,0.0,5.863733861386139,18.558154954954954,60.70978340425531,76.0585853418124,inf,,,,,,,,,,,
2019-12-01,22243901,387,1498946,0,0,398403,0,4.568704923924989,5.488042794665327,0.0,0.0,2.685,26.048,49.416,337.25,0,398403,0,7.352599582269443,8.832126791166734,0.0,0.0,4.3210779,41.92008832,79.52714544,542.749915,0,45,0,1134.896930129297,847.3321419328248,0.0,185.0,909.0,4150.0,6335.0,81912.0,0,40689,40422,18.442365893014898,18.512554662639026,-83.31,2.97,12.65,92.68,177.07,1206.37,0,2206680,207,14.736139454585775,14.53823857170495,-167.36,0.0,10.87,70.42,127.76,918.91,0,19095233,0,0.6812674489964687,2.457085685242653,0.0,0.0,0.0,11.52,26.01,102.5,0,19858380,0,0.8733737486064157,3.507344057404438,0.0,0.0,0.0,20.39,30.72,103.58,0,13137356,0,0.9609254914414518,1.2631723496714213,0.0,0.0,0.0,2.75,2.75,5.5,22243779,122,0,0.0,0.0,0.0,0.0,0.0,0.0,0.0,0.0,0,1077555,0,0.4761194531480787,0.5368480181709087,0.0,0.0,0.31,2.7,4.96,31.57,0,969070,0,1.503514512135259,1.482337221723528,0.0,0.0,1.04,7.16,13.3,107.86,0,398403,0,NaN,NaN,0.0,0.0,18.395994153846154,59.916289213943955,74.82458915436243,inf,,,,,,,,,,,
2020-01-01,20569368,272,1623164,0,0,128533,0,4.556780012832674,5.415822581539008,0.0,0.37,2.71,25.48,49.13,339.55,0,128533,0,7.333408345852137,8.715899913374216,0.0,0.5954558,4.3613114,41.0059832,79.0668742,546.451397,0,32,0,1040.4379024673972,709.4020493852698,0.0,186.0,860.0,3505.0,5267.0,50489.0,0,2742,32789,17.01709081533278,16.11270567372121,-127.78,3.05,11.99,79.35,151.7,1461.66,0,2087133,212,13.114039146462838,12.81220831805352,-151.72,0.0,9.61,61.23,113.14,1054.27,0,17709390,0,0.6074974884984313,2.1865534100506054,0.0,0.0,0.0,10.24,22.78,100.0,0,18369507,0,0.842365177189693,3.4178183088639966,0.0,0.0,0.0,20.0,29.2,118.72,0,11885254,0,0.9744286868706904,1.2611044924258947,0.0,0.0,0.0,2.75,2.75,8.25,20569325,43,0,0.0,0.0,0.0,0.0,0.0,0.0,0.0,0.0,0,945034,0,0.4402387550264063,0.47368465722170033,0.0,0.0,0.29,2.37,4.31,37.07,0,777027,0,1.4056558592369002,1.3098374635149241,0.0,0.0,1.0,6.42,11.31,72.02,0,128533,0,NaN,NaN,0.0,5.682741244019139,19.213548979591838,62.03526647109578,77.07539443556124,inf,,,,,,,,,,,
2020-02-01,21725100,294,1653118,0,0,4138,0,4.54831430971549,5.273029023509726,0.0,0.48,2.75,24.97,47.694,468.28,0,4138,0,7.319784151197527,8.48609652869504,0.0,0.7724831999999999,4.425685,40.1852198,76.75586196,753.6217352,0,350,0,1063.387633428615,727.0869931839934,0.0,185.0,881.0,3579.0,5403.0,84894.0,0,3065,36949,16.565204037725948,16.15643236048246,-208.52,2.58,11.47,79.11,150.02,8157.74,0,1997954,266,13.591264600393094,12.882436599618362,-171.0,0.0,10.15,61.63,112.59,4894.62,0,18673970,0,0.5991388513746773,2.150104993174443,0.0,0.0,0.0,10.0,22.55,100.0,0,19386704,0,0.8511665856543814,3.411342876059636,0.0,0.0,0.0,20.0,27.72,102.5,0,12386732,0,1.0007725971341903,1.2707165256202282,0.0,0.0,0.0,2.75,2.75,8.25,21724865,235,0,0.0,0.0,0.0,0.0,0.0,0.0,0.0,0.0,0,885820,0,0.42482526018292205,0.46269435429074,0.0,0.0,0.28,2.3,4.23,203.96,0,806935,0,1.354162134581659,1.29522797030412,0.0,0.0,0.95,6.19,11.34,724.08,0,4138,0,NaN,NaN,0.0,6.725327972819931,18.954448888888887,61.28587271948609,76.34063277217741,inf,,,,,,,,,,,
2020-03-01,13392928,180,787343,0,0,1446,0,4.6046802759635534,5.29025350802352,0.0,0.48,2.862,24.04,48.27,1310.51,0,1446,0,7.410496155319185,8.513816580602441,0.0,0.7724831999999999,4.60593108,38.6885336,77.6828418,2109.0561634,0,34,0,1013.2366837931182,697.543905125348,0.0,181.0,837.0,3445.0,5392.0,72093.0,0,1873,21418,16.35972834693056,15.327549297608696,-128.23,2.8,11.79,73.47,151.32,1336.25,0,929150,249,13.68324415467626,12.4444428776695,-239.33,0.0,10.39,58.48,113.32,2048.77,0,11749162,0,0.5263800902984023,2.0675416026871485,0.0,0.0,0.0,9.64,21.82,100.0,0,11997955,0,0.797185449664181,3.282951582821284,0.0,0.0,0.0,20.0,28.02,93.0,0,8617731,0,0.8436457098850976,1.2270850283072583,0.0,0.0,0.0,2.75,2.75,8.25,13392904,24,0,0.0,0.0,0.0,0.0,0.0,0.0,0.0,0.0,0,484677,0,0.42360217944873596,0.44643927360170105,0.0,0.0,0.29,2.19,4.27,69.58,0,447886,0,1.3675893837404336,1.2501741623800435,0.0,0.0,0.99,5.91,11.3,96.13,0,1446,0,NaN,NaN,0.0,7.2799463874345545,20.284630791366908,63.627548344370865,78.2882549186845,inf,,,,,,,,,,,
2020-04-01,4312909,0,52848,0,0,728,0,4.608680522589278,4.93566007132101,0.0,0.481,3.04,21.546,43.6,565.06,0,728,0,7.416933912223828,7.9431551791800965,0.0,0.7740925399999999,4.8923936,34.67483964,70.167224,909.3736604,0,9,0,821.4339305559195,521.8738563815955,0.0,169.0,708.0,2485.0,4366.0,43854.0,0,622,5994,16.382396398811107,12.635648518074875,-113.56,6.39,12.57,58.73,119.9,1238.76,0,63607,85,12.680580276560438,10.0081235887288,-125.57,0.0,9.88,46.1,94.39,930.94,0,3854224,0,0.44813584752193936,2.1337957818430224,0.0,0.0,0.0,7.85,18.84,500.0,0,3920304,0,0.5711437639885284,2.679144989974329,0.0,0.0,0.0,19.0,26.31,89.28,0,3406417,0,0.5780184557568917,1.120516814016224,0.0,0.0,0.0,2.75,2.75,5.5,4312909,0,0,,,,,,,,,0,124159,0,0.41878532563520354,0.36599473116148834,0.0,0.0,0.31,1.7,3.54,34.06,0,99075,0,1.4249582729429255,1.105837996167634,0.0,0.0,1.09,5.23,9.39,62.97,0,728,0,28.79864157622295,13.046024116543965,0.0,9.547055349887133,24.872217786885244,66.55272852386238,80.40476357533747,435.54903829787224,,,,,,,,,,,
2020-05-01,6089999,0,56398,0,0,1237,0,4.716445331107608,5.056232536039833,0.0,0.51,3.12,22.262,45.23,597.66,0,1237,0,7.590364129164717,8.13719726954974,0.0,0.8207634,5.0211408,35.827127080000004,72.7904482,961.8381443999999,0,8,0,901.8229595768406,573.9106251208591,0.0,182.0,772.0,2772.0,4640.0,85804.0,0,2262,9134,17.555030278330097,13.366677084451208,-103.48,6.84,13.73,61.92,127.65,1265.57,0,69330,125,13.461033405752612,10.587436958023295,-118.45,0.0,10.51,49.21,98.41,949.18,0,5332059,0,0.4969315430101056,2.217568232388474,0.0,0.0,0.0,8.06,19.18,564.0,0,5482070,0,0.6480374890045139,2.878081127527394,0.0,0.0,0.0,20.0,27.12,86.75,0,4731865,0,0.6133129906917882,1.144834757003008,0.0,0.0,0.0,2.75,2.75,5.5,6089895,104,0,0.0,0.0,0.0,0.0,0.0,0.0,0.0,0.0,0,187501,0,0.448959520354601,0.3877055730803533,0.0,0.0,0.34,1.82,3.69,32.16,0,149618,0,1.5185442230778692,1.154679938104637,0.0,0.0,1.18,5.4,9.84,100.92,0,1237,0,27.055050297805884,12.3991073976602,0.0,9.310031899999998,23.336755650741352,64.32553240666283,78.42062822018349,430.2073991489362,,,,,,,,,,,
2020-06-01,7555193,0,78371,0,0,1546,0,4.837733719840115,5.201041015194475,0.0,0.52,3.17,23.18,47.35,351.49,0,1546,0,7.785558384687491,8.370243347392567,0.0,0.8368568000000001,5.1016078,37.3045012,76.20224900000001,565.6669166,0,14,0,989.5581431208971,651.856397264488,0.0,191.0,833.0,3194.0,5183.0,85794.0,0,4200,9390,19.555317599431277,15.268656474574492,-101.14,6.94,15.21,72.48,147.94,1130.12,0,97294,148,15.539185766664069,11.958934823720114,-150.95,0.0,12.41,56.75,111.43,849.12,0,6515134,0,0.5729238233887605,2.2015499301065233,0.0,0.0,0.0,9.08,20.0,500.0,0,6683903,0,0.7420923674616915,3.063422282008697,0.0,0.0,0.0,20.0,28.2,100.35,0,5672095,0,0.6854957907759603,1.1897922153981912,0.0,0.0,0.0,2.75,2.75,11.0,7555189,4,0,0.0,0.0,0.0,0.0,0.0,0.0,0.0,0.0,0,219179,0,0.5090083165314241,0.4512664378268619,0.0,0.0,0.38,2.16,4.37,30.95,0,193978,0,1.685862022320277,1.3139426882195169,0.0,0.0,1.31,6.22,11.58,88.16,0,1546,0,25.575676975826905,12.161635290398905,0.0,8.527150146137787,21.980094265060245,63.383784690265486,78.03991055830389,193.1208,,,,,,,,,,,
2020-07-01,9958454,7,151590,0,0,2356,0,4.686457517903884,5.151330724135759,0.0,0.5,3.04,22.96,47.7,347.02,0,2356,0,7.542103541863436,8.290242587579689,0.0,0.80467,4.8923936,36.950446400000004,76.765518,558.4731668,0,9,0,988.826914298143,663.4885529211464,0.0,189.0,827.0,3267.0,5367.0,84998.0,0,2728,7179,19.41875143571482,15.652916076899649,-125.82,6.99,14.88,74.58,150.53,1482.29,0,178625,429,15.917639686842959,12.091250266316552,-273.08,0.0,12.79,58.11,114.1,889.22,0,8701370,0,0.5280907016289877,1.9538368147294456,0.0,0.0,0.0,8.84,19.74,475.0,0,8861091,0,0.7257689255782073,3.0419780122394253,0.0,0.0,0.0,20.0,27.92,110.62,0,7194228,0,0.7633782311993408,1.2315894273151118,0.0,0.0,0.0,2.75,2.75,8.25,9958448,6,0,0.0,0.0,0.0,0.0,0.0,0.0,0.0,0.0,0,303741,0,0.5035907983307449,0.457466883724156,0.0,0.0,0.37,2.19,4.38,37.3,0,251777,0,1.6673832072729362,1.3378890967688664,0.0,0.0,1.28,6.39,11.7,91.0,0,2356,0,NaN,NaN,0.0,8.303379544303796,21.33613453846154,62.36121037300177,76.919686006006,inf,,,,,,,,,,,
2020-08-01,11096852,4,103952,0,0,2304,0,4.705586393240173,5.219583819519392,0.0,0.508,3.043,23.15,48.92,411.98,0,2304,0,7.572888406097141,8.400085024104506,0.0,0.81754472,4.89722162,37.256221,78.7289128,663.0158932,0,12,0,1025.1321284630992,692.6065733748281,0.0,193.0,854.0,3427.0,5680.0,63210.0,0,6370,7231,18.39999051262466,14.745240098595412,-126.64,6.33,14.29,70.51,148.55,1251.93,0,122064,6,15.063407874593624,12.00396076697849,-11.87,0.0,11.71,56.7,114.37,1022.98,0,9917964,0,0.4493397577979773,1.809336816790141,0.0,0.0,0.0,8.0,19.0,427.5,0,9858890,0,0.7635805550979683,3.1690576868238387,0.0,0.0,0.0,20.0,29.07,88.58,0,7747140,0,0.8334094885648651,1.2709881807701562,0.0,0.0,0.0,2.75,5.5,5.5,11096612,240,0,0.0,0.0,0.0,0.0,0.0,0.0,0.0,0.0,0,298095,0,0.476533597095825,0.43137753156616465,0.0,0.0,0.36,2.09,4.3,31.5,0,306559,0,1.5724096996157106,1.2437535448703052,0.0,0.0,1.22,5.95,11.27,88.76,0,2304,0,NaN,NaN,0.0,8.038339792207791,20.726032103799817,61.31480443043478,76.1210403686636,inf,,,,,,,,,,,
2020-09-01,12106669,32,97756,0,0,1900,0,4.685200943546073,5.105181124001264,0.0,0.51,3.03,22.808,46.092,616.4,0,1900,0,7.540081286486438,8.215972190099501,0.0,0.8207634,4.876300199999999,36.70582672,74.17769928,991.997176,0,6,0,1056.313569901019,711.33991552275,0.0,196.0,880.0,3517.0,5613.0,64118.0,0,9828,8998,18.063748215962626,14.0181911259396,-100.28,5.65,14.22,68.09,141.0,1314.22,0,116978,11,14.92484932147728,11.92209774466949,-33.48,4.39,11.53,56.2,108.36,985.67,0,10641995,0,0.4968168139394907,1.8471172319702331,0.0,0.0,0.0,8.13,19.0,380.0,0,10776193,0,0.7790419164842121,3.186552739028427,0.0,0.0,0.0,20.0,29.1,103.57,0,8154660,0,0.9020938170524031,1.3004749798172721,0.0,0.0,0.0,2.75,5.5,5.5,12106199,470,0,0.0,0.0,0.0,0.0,0.0,0.0,0.0,0.0,0,288575,0,0.47362119671397634,0.4160938042169165,0.0,0.0,0.36,2.04,4.1,33.61,0,341400,0,1.5468896498285365,1.1868339895941433,0.0,0.0,1.22,5.68,10.8,113.06,0,1900,0,23.414117788914258,11.75600675591896,0.0,7.7700946875,20.092781106382976,60.71065149295775,75.21992862967741,7908.296759999999,,,,,,,,,,,
2020-10-01,13268411,1,93696,0,0,2795,0,4.527971534496482,4.967448777845041,0.0,0.5,2.91,22.38,44.7,657.61,0,2795,0,7.287045709326568,7.994314016136181,0.0,0.80467,4.6831794,36.017029199999996,71.937498,1058.3180774,0,41,0,1039.6370856314295,693.6610709278438,0.0,195.0,868.0,3443.0,5450.0,59539.0,0,9933,9350,18.145915454382592,14.000321424935269,-114.4,5.64,14.5,69.11,137.56,2321.91,0,116085,3,14.595218424421734,11.598022550234012,-10.63,5.39,11.25,55.28,105.68,1741.44,0,11576644,0,0.5184220974161865,1.862784546406036,0.0,0.0,0.0,8.29,19.0,475.0,0,11865378,0,0.7761538725322874,3.234664241512718,0.0,0.0,0.0,20.0,30.8,109.05,0,8518311,0,0.9935226607014208,1.3397035279327303,0.0,0.0,0.0,2.75,5.5,13.75,13268411,0,0,,,,,,,,,0,304795,0,0.4789169939037915,0.41802770630178043,0.0,0.0,0.37,2.08,4.06,59.65,0,383092,0,1.5542345040412149,1.1862767253555138,0.0,0.0,1.24,5.77,10.7,105.99,0,2795,0,22.912350508814797,11.29827786478095,0.0,7.66099041322314,19.655466913229017,60.17019109987358,74.51881845062093,605.3816694610778,,,,,,,,,,,
2020-11-01,11596865,3,73167,7444,0,2365,0,4.573149231020625,5.060615988683217,0.0,0.5,2.899,22.627,45.29,425.32,0,2365,0,7.359751983450733,8.144251735227044,0.0,0.80467,4.66547666,36.41453618,72.8870086,684.4844888,0,67,0,1018.7279313849044,681.0949052992719,0.0,192.0,851.0,3355.0,5303.0,80807.0,0,7608,7875,18.171433085579594,13.600489484510856,-165.03,6.27,14.54,67.1,132.16,1431.22,0,91251,2,14.408510519868948,11.530940424318798,-18.08,5.39,11.01,54.66,104.2,1073.42,0,10121044,0,0.5130979958807833,1.8427762725935024,0.0,0.0,0.0,8.21,18.8,470.0,0,10357411,0,0.7860840408162033,3.2610382213951308,0.0,0.0,0.0,20.0,30.53,105.45,0,7668590,0,0.93573006584107,1.3117975332759377,0.0,0.0,0.0,2.75,5.5,5.5,11596862,3,0,0.0,0.0,0.0,0.0,0.0,0.0,0.0,0.0,0,258801,0,0.575169992924812,0.4910363766413828,0.0,0.0,0.44,2.43,4.7,44.48,0,330762,0,1.5605731962905491,1.165384215653218,0.0,0.0,1.24,5.62,10.27,105.76,0,2365,0,23.461896667214724,11.74709915682223,0.0,7.701494138972811,19.982347418655095,61.596699607843135,76.08293586206896,1022.4042352941177,,,,,,,,,,,
2020-12-01,11637123,1,71132,0,0,3081,0,4.503452506345425,5.032814497036388,0.0,0.48,2.818,22.51,44.54,400.36,0,3081,0,7.247586256561948,8.0995096826598,0.0,0.7724831999999999,4.53512012,36.2262434,71.68000359999999,644.3153624,0,87,0,1011.9422130366759,682.8166499120199,0.0,191.0,844.0,3376.0,5480.0,52219.0,0,7596,9466,17.656292393747147,13.839165690906032,-115.85,5.78,13.62,66.49,135.41,2233.31,0,90686,51,14.372110674605743,11.558114152986924,-14.78,5.39,10.95,55.22,104.02,1607.98,0,10171132,0,0.5102277220924794,1.8558190247778088,0.0,0.0,0.0,8.37,18.8,470.0,0,10435269,0,0.7413509696511758,3.11006555962991,0.0,0.0,0.0,20.0,28.32,96.18,0,8056882,0,0.84941656112082,1.2778397413336668,0.0,0.0,0.0,2.75,5.5,11.0,11637122,1,0,0.0,,0.0,0.0,0.0,0.0,0.0,0.0,0,252750,0,0.5599797003090885,0.49677580508174046,0.0,0.0,0.41,2.4,4.79,44.08,0,319268,0,1.5170274276554436,1.186423903360857,0.0,0.0,1.17,5.61,10.41,99.11,0,3081,0,23.182328964594383,11.758763385905223,0.0,7.368062650602409,19.661619909502264,61.102885912240176,75.44095029462738,590.949648,,,,,,,,,,,
2021-01-01,11908468,0,71376,0,0,2456,0,4.512292615473292,5.02094827870075,0.0,0.48,2.84,22.401,44.32,738.95,0,2456,0,7.261812997785788,8.080412902844882,0.0,0.7724831999999999,4.5705256,36.05082534,71.3259488,1189.2217930000002,0,81,0,954.289265756099,624.0635968996835,0.0,183.0,804.0,3046.0,4805.0,59143.0,0,5628,10319,17.192940128822617,13.244114533249743,-246.9,5.7,13.3,63.5,128.56,1532.67,0,91961,2,13.92239750822692,11.088224070727184,-11.65,5.39,10.63,52.65,99.95,1041.77,0,10420882,0,0.4997582846089018,1.7894067285587723,0.0,0.0,0.0,8.0,18.0,200.0,0,10683516,0,0.7090513271732352,2.9745928016706427,0.0,0.0,0.0,20.0,27.75,113.97,0,8159648,0,0.866980559548046,1.280445599101682,0.0,0.0,0.0,2.75,2.75,5.5,11902548,5920,0,0.0,0.0,0.0,0.0,0.0,0.0,0.0,0.0,0,242167,0,0.528512233479571,0.45209422907163516,0.0,0.0,0.39,2.2,4.27,47.85,0,312046,0,1.4821936289369881,1.1326096577737228,0.0,0.0,1.14,5.4,9.66,140.3,0,2456,0,24.34640423361889,11.929471648474435,0.0,8.266425387453873,20.691514285714288,62.44113959533073,76.97535773851591,827.6605714285714,,,,,,,,,,,
2021-02-01,11613942,2,77232,0,0,2792,0,4.481643179464819,4.984150189904246,0.0,0.48,2.82,22.3,43.734,527.11,0,2792,0,7.212487634439912,8.02119226662085,0.0,0.7724831999999999,4.5383388,35.888282000000004,70.38287556,848.2992074,0,84,0,1010.6749598887268,671.9515061824194,0.0,190.0,846.0,3309.0,5216.0,75540.0,0,18166,11306,19.117723343202506,14.471500728472968,-131.59,6.26,15.03,70.6,138.33,1374.73,0,99620,5,15.761175639589037,12.036429466629356,-46.86,5.39,12.38,57.41,104.68,989.8,0,10125441,0,0.5555535605395653,1.9579478544693072,0.0,0.0,0.0,9.0,20.0,250.0,0,10404629,0,0.7264736211012591,3.0605712858279253,0.0,0.0,0.0,20.0,28.32,129.59,0,7835461,0,0.9041739230314737,1.3119210674522135,0.0,0.0,0.0,2.75,5.5,8.25,11613181,761,0,0.0,0.0,0.0,0.0,0.0,0.0,0.0,0.0,0,221071,0,0.5847652536925017,0.4845094697308569,0.0,0.0,0.45,2.39,4.5,41.92,0,313145,0,1.6453510470432864,1.2391032680041079,0.0,0.0,1.3,5.99,10.77,124.01,0,2792,0,23.064975637651415,11.610852078917489,0.0,7.401330152284265,19.5919652173913,60.615716670092496,74.95750775172415,864.9052971428571,,,,,,,,,,,
2021-03-01,14227393,1,92355,0,0,3211,0,4.643826617497668,5.152293756813432,0.0,0.49,2.938,22.92,45.57,401.76,0,3211,0,7.473495928603698,8.291792434591578,0.0,0.7885766,4.72824092,36.8860728,73.3376238,646.5684384,0,348,0,1033.7766631595823,700.3531673671456,0.0,188.0,860.0,3451.0,5400.0,77115.0,0,16771,12240,19.675724613778502,14.841566597718417,-157.92,5.75,15.49,71.87,141.08,1507.9,0,118852,40,16.082883474857272,12.22225004700375,-2035.92,5.39,12.7,58.53,108.35,872.5,0,12394639,0,0.5718826049157425,2.0114245769955446,0.0,0.0,0.0,9.39,20.0,300.0,0,12604817,0,0.7896760038891173,3.150456399749753,0.0,0.0,0.0,20.0,28.02,106.42,0,9460516,0,0.9255580941638429,1.308272962636952,0.0,0.0,0.0,2.75,5.5,8.25,12980608,1246785,0,0.0,0.0,0.0,0.0,0.0,0.0,0.0,0.0,0,257692,0,0.6029508631693804,0.49753907488397514,0.0,0.0,0.46,2.45,4.57,45.27,0,393910,0,1.6898009347179768,1.2717632084946109,0.0,0.0,1.33,6.12,10.87,108.58,0,3211,0,23.401112839850125,11.571757685026606,0.0,7.8834935044929395,19.968832720588235,61.434769219292605,76.36689234139662,616.2309163636363,,,,,,,,,,,
2021-04-01,14111371,53,88693,0,0,7489,0,4.692195551658305,5.248557914474453,0.0,0.49,2.95,23.33,47.36,425.1,0,7489,0,7.551337989105775,8.446714194079856,0.0,0.7885766,4.747553,37.5459022,76.2183424,684.130434,0,296,0,1065.7275733165827,737.7094781536846,0.0,192.0,878.0,3662.0,5723.0,84378.0,0,21996,12735,21.31050919503144,16.27671643733234,-153.84,6.75,16.86,79.94,153.97,2244.71,0,113345,21,16.75552837282784,12.856464052319845,-160.87,5.39,13.21,61.89,114.96,1415.73,0,12132473,0,0.6628764072604993,2.245734624193878,0.0,0.0,0.0,10.0,21.6,500.0,0,12474111,0,0.8256628395639233,3.2258146853531926,0.0,0.0,0.0,20.0,28.3,189.68,0,9124278,0,0.9805838851519104,1.3352731850564217,0.0,0.0,0.0,2.75,5.5,5.5,0,13717936,0,0.07000802402544727,0.4144559038616132,0.0,0.0,0.0,2.5,2.5,6.4,0,246744,0,0.6566668065066108,0.5473369153014036,0.0,0.0,0.5,2.71,5.01,68.15,0,387919,0,1.838398709806439,1.4037856708474772,0.0,0.0,1.45,6.79,12.03,201.6,0,7489,0,NaN,NaN,0.0,7.633491081081082,19.70420345177665,61.329994644351466,76.70431774647888,inf,,,,,,,,,,,
2021-05-01,14719171,13,92379,0,0,7912,0,4.8435934893344195,5.493552713354993,0.0,0.5,3.014,24.29,50.68,412.13,0,7912,0,7.794988746125456,8.840994123709748,0.0,0.80467,4.85055076,39.0908686,81.5613512,663.2572941999999,0,20,0,1093.8077901262238,771.0549234031629,0.0,196.0,896.0,3841.0,6146.0,49052.0,0,13521,14898,22.64384190726502,17.313468583448767,-109.71,7.12,18.07,86.11,167.19,1493.98,0,114228,26,18.20628042639086,13.884648039386153,-82.98,5.39,14.57,67.37,126.12,1133.49,0,12482348,0,0.7623322903171653,2.4990987284538133,0.0,0.0,0.0,10.94,24.54,1000.0,0,12935302,0,0.8988636934783896,3.3714430370527966,0.0,0.0,0.0,20.0,28.2,93.35,0,9234226,0,1.0294936277321596,1.3406320022714364,0.0,0.0,0.0,2.75,5.5,8.25,0,13975621,0,0.12680623113896836,0.5510235489706847,0.0,0.0,0.0,2.5,2.5,6.4,0,256260,0,0.6994018820761033,0.5828201099627154,0.0,0.0,0.54,2.91,5.38,46.86,0,446190,0,1.9415597481678826,1.4823321789361212,0.0,0.0,1.55,7.18,12.85,102.71,0,7912,0,NaN,NaN,0.0,7.52961963898917,19.7724799872,61.78671653786708,77.13418951166406,inf,,,,,,,,,,,
2021-06-01,14961892,27,96550,0,0,6190,0,4.9020161621939256,5.64651715914166,0.0,0.503,3.03,25.151,53.11,370.34,0,6190,0,7.889010690465172,9.087165924892467,0.0,0.80949802,4.876300199999999,40.47651034,85.4720474,596.0029756,0,7,0,1145.4322693948066,833.9155064295783,0.0,200.0,929.0,4134.0,6717.0,240764.0,0,32654,16731,23.783900115707294,18.573625843780484,-294.86,7.12,18.98,92.7,179.48,1666.52,0,106266,11050,19.06058130014573,14.62039280971713,-57.38,5.39,15.42,71.19,133.76,1053.07,0,12511604,0,0.8825243652340226,2.7705432040622076,0.0,0.0,0.0,12.33,27.14,450.0,0,13102374,0,0.9377160856394365,3.4785915939325474,0.0,0.0,0.0,20.0,28.55,152.66,0,9199620,0,1.0688773184567835,1.360387281106342,0.0,0.0,0.0,2.75,5.5,11.0,0,14159416,0,0.1347943161199132,0.5678414010773478,0.0,0.0,0.0,2.5,2.5,6.4,0,270828,0,0.737150123794504,0.6269188658940694,0.0,0.0,0.57,3.14,5.83,81.5,0,526286,0,2.02848815711275,1.5881346525219244,0.0,0.0,1.63,7.66,13.94,241.09,0,6190,0,NaN,NaN,0.0,7.0833234602076125,19.296458499494438,60.90869839631337,76.97983030784509,inf,,,,,,,,,,,
2021-07-01,15027174,44,90502,0,0,5585,0,4.960595104242488,5.7297116828917165,0.0,0.5,3.05,25.267,53.69,568.64,0,5585,0,7.983284125061605,9.221054199744403,0.0,0.80467,4.908487,40.66319378,86.4054646,915.1350976,0,17,0,1104.8972946609922,781.3145951345582,0.0,198.0,906.0,3872.0,6417.0,43300.0,0,13188,17724,23.431300034856854,18.639939764409956,-244.79,7.12,18.58,91.73,179.4,3014.76,0,110065,14,18.36417496330315,14.36208096086382,-76.55,5.39,14.65,69.37,132.96,1658.12,0,12532704,0,0.8998799035666986,2.8066310288723297,0.0,0.0,0.0,12.6,27.62,222.48,0,13116799,0,0.9691945218708455,3.53988820152487,0.0,0.0,0.0,20.04,28.45,134.2,0,9260560,0,1.0544380467012626,1.3460273294122553,0.0,0.0,0.0,2.75,5.5,8.25,0,14126161,0,0.15075542147844964,0.598812045640499,0.0,0.0,0.0,2.5,2.5,6.4,0,238676,0,0.7273839692013948,0.6265778894974934,0.0,0.0,0.56,3.11,5.8,92.87,0,477128,0,1.996837165790454,1.5759210928996175,0.0,0.0,1.59,7.53,13.61,147.96,0,5585,0,NaN,NaN,0.0,7.413473975510205,19.919910406374502,61.555015658627084,77.05436797704448,inf,,,,,,,,,,,
2021-08-01,14499696,47,84622,0,0,3523,0,5.005798403497563,5.779437842714581,0.0,0.505,3.067,25.33,53.646,505.31,0,3523,0,8.056031602684769,9.301080497795319,0.0,0.8127167,4.93584578,40.7645822,86.33465364,813.2155954,0,38,0,1102.2331739230947,777.2306428530272,0.0,197.0,902.0,3822.0,6220.0,83763.0,0,10949,18164,23.206151648972504,18.61520453906778,-121.48,7.06,18.3,91.4,178.79,2176.52,0,104099,7,18.225408683740678,14.365057187101659,-51.19,5.39,14.41,68.85,132.85,1571.08,0,12035346,0,0.922649238301272,2.857448340461248,0.0,0.0,0.0,12.9,28.1,200.0,0,12601980,0,0.9919852843811346,3.561268147135767,0.0,0.0,0.0,20.19,28.45,100.9,0,9008875,0,1.0343699447215997,1.3314363413918047,0.0,0.0,0.0,2.75,2.75,5.5,0,13570636,0,0.16127383912048915,0.6186798630950631,0.0,0.0,0.0,2.5,2.5,10.0,0,233544,0,0.7207216696129353,0.6255768125824314,0.0,0.0,0.55,3.09,5.76,66.37,0,462024,0,1.976328521646247,1.56787305996516,0.0,0.0,1.57,7.5,13.4,196.35,0,3523,0,NaN,NaN,0.0,7.63122233930453,20.06061023255814,61.52076960933357,76.81577011857708,inf,,,,,,,,,,,
2021-09-01,14886055,36,77641,0,0,3450,0,4.978279842174437,5.644851010206457,0.0,0.51,3.07,25.249,51.828,475.58,0,3450,0,8.01174488120501,9.084484524765026,0.0,0.8207634,4.9406738,40.63422566,83.40887352,765.3699171999999,0,50,0,1170.4713801608284,839.9547829330555,0.0,203.0,952.0,4173.0,6602.0,76712.0,0,21263,19889,24.02892442221932,19.319686836247154,-117.75,7.12,18.99,96.34,183.11,1369.65,0,101348,3,19.38025961478713,14.809981744789447,-11.43,5.39,15.41,72.4,132.95,972.45,0,12245026,0,1.0169721648885484,3.0983779798061692,0.0,0.0,0.0,14.0,30.0,300.0,0,12861093,0,1.0537191834908577,3.667430510233021,0.0,0.0,0.0,20.38,28.45,104.35,0,8790683,0,1.1249127287249712,1.36201354111366,0.0,0.0,0.0,2.75,5.5,13.75,0,13933788,0,0.16135746374711096,0.6201968281771437,0.0,0.0,0.0,2.5,2.5,10.0,0,255773,0,0.7480434252056707,0.6489413902178595,0.0,0.0,0.57,3.22,5.92,42.17,0,517568,0,2.050010539394084,1.6491095281142474,0.0,0.0,1.62,8.01,14.28,115.99,0,3450,0,NaN,NaN,0.0,6.849739161563824,19.128405326086956,61.296891987915416,76.50449783745583,inf,,,,,,,,,,,
2021-10-01,16545356,12,54146,0,0,3615,0,4.877275232881058,5.501919589303023,0.0,0.51,3.0,24.89,50.21,392.85,0,3615,0,7.849194123284802,8.8544592718491,0.0,0.8207634,4.82802,40.0564726,80.8049614,632.2292190000001,0,12,0,1168.7550733269202,852.1445717036568,0.0,205.0,959.0,4105.0,6371.0,168477.0,0,15665,21308,22.660840148740224,17.76876416892573,-229.47,6.84,17.93,89.07,168.3,1885.14,0,70414,14,18.848184380559715,14.026393637982075,-91.33,5.4,15.05,69.46,125.52,1145.45,0,13504281,0,1.0119323301354168,2.980326318583627,0.0,0.0,0.0,13.48,28.68,400.0,0,14358294,0,1.053219314229322,3.6993682726568595,0.0,0.0,0.0,20.5,28.2,108.1,0,9520073,0,1.1714460843272276,1.3710036212517476,0.0,0.0,0.0,2.75,5.5,11.0,0,15473261,0,0.16269704622856104,0.6195806296105069,0.0,0.0,0.0,2.5,2.5,6.4,0,149700,0,0.7116321546662399,0.6066835544873233,0.0,0.14,0.54,3.02,5.42,61.55,0,521522,0,1.9332509932092123,1.5258855706051815,0.0,0.0,1.53,7.33,12.82,169.17,0,3615,0,NaN,NaN,0.0,6.635155977653631,18.71655330396476,60.774139495642075,75.84472749562171,inf,,,,,,,,,,,
2021-11-01,16041639,0,44427,7558,0,3488,0,4.978788554211947,5.684929498017503,0.0,0.503,3.01,25.7,51.16,400.9,0,3488,0,8.012563571835457,9.148984438339888,0.0,0.80949802,4.8441133999999995,41.360037999999996,82.3338344,645.184406,0,0,0,1164.8193978807278,829.8074312885449,1.0,202.0,951.0,4144.0,6495.0,42476.0,0,16312,23420,22.638427069079412,18.304187164007818,-97.37,6.91,17.66,92.02,172.21,2502.66,0,55957,20,18.344488517663315,14.482820711235476,-128.56,5.4,14.23,71.4,128.24,1801.92,0,12972583,0,1.0146882640857333,2.969528408398971,0.0,0.0,0.0,13.34,28.27,248.28,0,13876527,0,1.0990891759875658,3.7836620375599055,0.0,0.0,0.0,21.0,28.3,110.45,0,9364909,0,1.1492130105907508,1.3656910218019955,0.0,0.0,0.0,2.75,5.5,11.0,0,14925617,0,0.1745869234434212,0.6398051149807481,0.0,0.0,0.0,2.5,2.5,5.0,0,31495,0,0.7180539644359283,0.6210433832001828,0.0,0.21,0.53,3.13,5.6,76.35,0,439662,0,1.9347870881522768,1.541044734407815,0.0,0.0,1.51,7.55,13.13,136.04,0,3488,0,22.41067498678557,11.9449062426025,0.0,6.580992778904665,18.988794079295154,61.903105684695056,76.75981881956156,272.300328,,,,,,,,,,,
2021-12-01,16054495,0,46116,0,0,3436,0,4.984981345099923,5.6758171119254435,0.0,0.5,3.0,25.563,51.03,385.99,0,3436,0,8.02252987792311,9.13431951090633,0.0,0.80467,4.82802,41.13955842,82.1246202,621.1891466,0,0,0,1125.8897118844286,780.4427032488954,1.0,199.0,928.0,3899.0,5939.0,38415.0,0,12475,22190,22.312725718249002,18.25042457508861,-99.38,6.84,17.19,91.42,172.26,1525.53,0,58359,19,17.68204054814555,14.018335224344595,-135.66,5.39,13.63,68.93,125.67,1099.14,0,12933473,0,1.0601320614569314,3.11851517339264,0.0,0.0,0.0,13.95,29.76,200.0,0,13896280,0,1.1205471296356564,3.8798178386584405,0.0,0.0,0.0,21.0,28.8,106.08,0,9689246,0,1.1003867764137085,1.3677053102519432,0.0,0.0,0.0,2.75,5.5,8.25,0,14857107,0,0.1874384027650823,0.6621653894865935,0.0,0.0,0.0,2.5,2.5,6.4,0,34728,0,0.7090582612533126,0.621717657653914,0.0,0.21,0.52,3.13,5.6,47.24,0,461828,0,1.8987296261888025,1.5299866084219202,0.0,0.0,1.47,7.47,13.11,139.74,0,3436,0,23.02563703910899,12.238252519958438,0.0,6.481003118644068,19.447129510489507,62.44796202719407,77.17831699139101,278.093952,,,,,,,,,,,
2022-01-01,14751591,0,39657,0,0,2714,0,4.632832865282124,5.312836412592611,0.0,0.48,2.81,23.43,47.31,440.71,0,2714,0,7.4558032434131345,8.550160152241332,0.0,0.7724831999999999,4.5222454,37.7068362,76.1378754,709.2522313999999,0,1,0,1020.1259083850684,687.4426786842362,0.0,191.0,851.0,3360.0,5255.0,147918.0,0,6707,19027,19.651127655993175,15.46123591171173,-348.61,6.47,15.41,75.19,151.71,4995.96,0,51202,30,15.63843138953622,12.313984574919795,-182.64,5.39,12.03,58.76,111.95,4643.19,0,12232876,0,0.8065149047312931,2.4481878781596693,0.0,0.0,0.0,10.52,23.72,203.16,0,13038710,0,0.8979449491244708,3.414746525730593,0.0,0.0,0.0,20.0,27.8,504.58,0,8980417,0,1.0799140411363086,1.3512299130286254,0.0,0.0,0.0,2.75,5.5,11.0,0,13888850,0,0.14708869029788044,0.5920917002202511,0.0,0.0,0.0,2.5,2.5,6.4,0,17382,0,0.6217635840093452,0.5278451102390719,0.0,0.19,0.47,2.61,4.92,164.56,0,301185,0,1.7075637732906235,1.3214647644120223,0.0,0.0,1.34,6.39,11.54,486.83,0,2714,0,NaN,NaN,0.0,7.3938683682771185,19.573535852307693,62.36164305536089,77.23770313358987,inf,,,,,,,,,,,
2022-02-01,16019283,0,43934,0,0,3117,0,4.735295339685304,5.3831193670500825,0.0,0.49,2.88,24.307,48.03,496.71,0,3117,0,7.620700201969146,8.663269322168144,0.0,0.7885766,4.6348991999999996,39.11822738,77.2966002,799.3752714,0,1,0,1104.3851068740094,763.2796321573976,0.0,196.0,911.0,3788.0,5858.0,98589.0,0,8425,18264,21.118231545069776,16.42853122383872,-520.11,6.79,16.79,82.26,159.62,2024.73,0,57366,47,16.43209484407011,13.095804753774697,-191.0,5.39,12.65,63.85,117.31,1707.76,0,13055159,0,0.891046698532013,2.5885510818988813,0.0,0.0,0.0,11.38,25.0,200.0,0,13990522,0,0.9926225817972003,3.582190930228205,0.0,0.0,0.0,20.14,28.48,135.32,0,9298183,0,1.1605795808713786,1.371841324141056,0.0,0.0,0.0,2.75,5.5,8.25,0,15035691,0,0.15421639033407425,0.6045528209375115,0.0,0.0,0.0,2.5,2.5,6.4,0,33520,0,0.6671240835185944,0.5589841865177698,0.0,0.19,0.51,2.83,5.12,97.21,0,384213,0,1.820186296103265,1.4022765174871639,0.0,0.0,1.44,6.87,12.16,287.58,0,3117,0,22.273190295149796,11.650478666265967,0.0,6.9568118709677425,18.84016827067669,60.9385381512605,75.84019760398505,283.88757599999997,,,,,,,,,,,
2022-03-01,18453548,0,49074,0,0,3303,0,4.915849778969334,5.6684833411585,0.0,0.49,2.96,25.701,50.86,628.7,0,3303,0,7.911273683286509,9.122516980260562,0.0,0.7885766,4.7636464,41.36164734,81.8510324,1011.7920580000001,0,0,0,1133.1066980181806,787.169269347184,1.0,198.0,933.0,3897.0,5896.0,49875.0,0,1589,19395,22.456408329715238,18.13076420396739,-501.25,6.86,17.45,91.11,171.16,3356.7,0,62628,37,18.076819630024538,14.45709798276111,-54.54,5.39,13.92,70.61,127.42,2006.46,0,14857831,0,1.005845847638622,2.840926466579217,0.0,0.0,0.0,12.99,27.15,170.0,0,15954136,0,1.0806235998627471,3.7277337814572236,0.0,0.0,0.0,20.71,28.46,441.36,0,10743107,0,1.1504619328489025,1.3594405544199282,0.0,0.0,0.0,2.75,2.75,11.0,0,17115259,0,0.18226636904729648,0.6537315988239009,0.0,0.0,0.0,2.5,2.5,6.9,0,14157,0,0.7115143478099712,0.6144950706831865,0.0,0.21,0.53,3.11,5.5,101.5,0,464202,0,1.9225510010324303,1.5207297538807523,0.0,0.0,1.5,7.48,12.91,246.84,0,3303,0,22.428901345548017,11.799397669764474,0.0,6.9314237471783295,18.954797117818888,61.61084295983086,76.83288572093024,283.88757599999997,,,,,,,,,,,
2022-04-01,17752561,0,47948,0,0,3370,0,5.066052070121038,5.827008855632279,0.0,0.5,3.07,26.396,52.38,616.31,0,3370,0,8.153000238528591,9.377638431722696,0.0,0.80467,4.9406738,42.48013864,84.2972292,991.8523353999999,0,1,0,1161.346432157028,821.44576625266,0.0,199.0,951.0,4068.0,6221.0,43298.0,0,1461,19223,24.063968684292934,19.49135865003736,-510.82,6.88,18.83,97.1,183.24,3732.9,0,61290,2,19.026451622951754,15.307518049701756,-17.78,5.39,14.81,74.23,134.48,2053.1,0,14157465,0,1.1129490308468732,3.0608666664709405,0.0,0.0,0.0,14.04,29.5,167.0,0,15281875,0,1.1289324559988838,3.810841848575099,0.0,0.0,0.0,21.0,28.51,162.33,0,10225913,0,1.1669181562029276,1.361158834729408,0.0,0.0,0.0,2.75,2.75,11.0,0,16359448,0,0.19775500560172699,0.6814153193807808,0.0,0.0,0.0,2.5,2.5,7.5,0,10214,0,0.7615643771059286,0.6583964500666538,0.0,0.21,0.57,3.29,5.92,112.54,0,462510,0,2.052402348596352,1.6302960177097436,0.0,0.0,1.61,7.88,13.76,332.94,0,3370,0,22.698420049511387,11.847864568879283,0.0,6.938471856287426,19.257216136363635,61.94628966942149,77.13558670857655,249.12583199999997,,,,,,,,,,,
2022-05-01,18157335,0,49461,0,0,5156,0,5.168192548741322,5.977043226158868,0.0,0.5,3.11,26.87,54.04,471.73,0,5156,0,8.317378996391358,9.619094745586196,0.0,0.80467,5.0050474,43.2429658,86.9687336,759.1739582,0,1,0,1205.2170862629346,880.1462664912838,0.0,202.0,974.0,4371.0,6764.0,68271.0,0,6054,20116,25.589004250899155,21.051903043991185,-325.28,7.06,19.78,105.4,193.76,2493.86,0,63131,29,20.16881514715678,16.12831183845986,-124.48,5.39,15.75,78.91,141.76,1838.6,0,14482627,0,1.1666541218741626,3.234773278720862,0.0,0.0,0.0,15.0,30.2,194.22,0,15567465,0,1.1822280130867222,3.935689251826137,0.0,0.0,0.0,21.0,28.91,120.0,0,10515988,0,1.1624585463670742,1.3688537636573046,0.0,0.0,0.0,2.75,5.5,11.0,0,16576690,0,0.21904237598744528,0.7118799049346741,0.0,0.0,0.0,2.5,2.5,6.9,0,18569,0,0.8075211213539872,0.7046467932991761,0.0,0.21,0.6,3.52,6.26,83.95,0,512822,0,2.1679140187698254,1.7576245267841568,0.0,0.0,1.68,8.59,14.64,228.38,0,5156,0,22.43951780944448,11.811249395689712,0.0,6.629817154639176,19.057973684210527,61.74501133333333,76.87667603856536,266.50670399999996,,,,,,,,,,,
2022-06-01,17780075,0,46985,0,0,3943,0,5.169061162227943,6.058428621580858,0.0,0.51,3.119,27.42,55.77,625.96,0,3943,0,8.318776890819917,9.750071517855766,0.0,0.8207634,5.0195314600000005,44.1281028,89.7528918,1007.3824664,0,1,0,1216.1325909480133,892.4501751657439,0.0,204.0,984.0,4419.0,6860.0,42309.0,0,6920,19713,25.07781509245602,21.117513611100893,-105.57,6.9,19.22,105.15,196.21,2409.23,0,59413,102,19.922519045617072,16.29283116803785,-130.0,5.4,15.36,79.55,146.73,993.31,0,14166149,0,1.1641892399216538,3.2479139018432766,0.0,0.0,0.0,15.0,30.78,150.0,0,15247351,0,1.1944752960828344,3.9750679057340177,0.0,0.0,0.0,21.0,28.87,226.2,0,10294339,0,1.160395175498416,1.3666861265787433,0.0,0.0,0.0,2.75,5.5,11.0,0,16282265,0,0.21222034327751713,0.703024164680463,0.0,0.0,0.0,2.5,2.5,6.9,0,18586,0,0.7946834515602437,0.7077042165535293,0.0,0.21,0.58,3.52,6.34,72.91,0,518541,0,2.1240144161371646,1.7578382144892488,0.0,0.0,1.64,8.55,14.84,215.68,0,3943,0,22.193616083806564,11.531251786311808,0.0,6.595818092307692,18.946716324324324,60.87463303349282,76.37470275678552,278.093952,,,,,,,,,,,
2022-07-01,17464619,0,43840,0,0,3166,0,5.162379186800468,6.175705849863535,0.0,0.51,3.13,26.88,56.27,614.202,0,3166,0,8.308023320485464,9.938810452417615,0.0,0.8207634,5.037234199999999,43.259059199999996,90.5575618,988.4598466799999,0,0,0,1141.127071194625,815.8416932764943,1.0,201.0,939.0,3952.0,6347.0,43240.0,0,3060,17328,23.539328004235305,19.790667800499588,-112.4,6.85,18.07,97.9,190.03,2672.68,0,55634,351,18.591380401713888,15.602027960498786,-406.64,5.4,14.26,74.01,142.82,1924.33,0,13988186,0,1.051701590512796,2.9695545335965137,0.0,0.0,0.0,13.62,29.36,170.0,0,15011431,0,1.1394533095740593,3.859080452867389,0.0,0.0,0.0,20.93,28.55,134.08,0,12256315,0,0.8161455884036176,1.2580167416556693,0.0,0.0,0.0,2.75,2.75,8.25,0,16409497,0,0.15171719978546339,0.6011000588883818,0.0,0.0,0.0,2.5,2.5,6.9,0,4586191,0,0.5322407548655943,0.6402023347274438,0.0,0.0,0.38,2.93,5.52,76.77,0,475585,0,1.9522243101896468,1.6148381624807964,0.0,0.0,1.5,7.76,14.06,138.19,0,3166,0,23.294295175486464,11.854879131955785,0.0,7.0539054614572345,19.818243387096775,61.88948382420973,77.08369243278688,283.88757599999997,,,,,,,,,,,
2022-08-01,17185687,0,43985,0,0,3082,0,5.203408142892396,6.190488822318656,0.0,0.51,3.15,27.01,56.94,616.81,0,3082,0,8.37405286068245,9.962601281309531,0.0,0.8207634,5.069421,43.4682734,91.63581959999999,992.6570053999999,0,0,0,1159.6539848537914,827.7056336720967,1.0,202.0,950.0,4018.0,6341.0,49367.0,0,5088,20436,23.787054985349144,20.067328652335778,-170.22,6.84,18.15,98.96,192.41,2190.78,0,56171,463,18.40762426372597,15.674875627474362,-63.73,5.4,13.94,74.21,144.07,1359.45,0,13769357,0,1.0489664986916147,2.9765523534072673,0.0,0.0,0.0,13.64,29.34,293.55,0,14688491,0,1.1635564408917725,3.913007287485692,0.0,0.0,0.0,21.0,28.87,127.0,0,12645932,0,0.7284147558372266,1.2243555872133367,0.0,0.0,0.0,2.75,5.5,11.0,0,16201399,0,0.1438025253223802,0.585785054828469,0.0,0.0,0.0,2.5,2.5,6.9,0,5725071,0,0.48512248942972136,0.6381131504870088,0.0,0.0,0.33,2.88,5.51,59.08,0,470886,0,1.962041192766981,1.628181248917096,0.0,0.0,1.5,7.81,14.12,191.14,0,3082,0,23.07382315721783,11.67048950049838,0.0,7.170890216110019,19.65916986340762,61.35453642641636,76.83246113445378,266.50670399999996,,,,,,,,,,,
2022-09-01,17793551,0,47533,0,0,3385,0,5.197236170621592,5.987032689142238,0.0,0.506,3.124,27.29,54.38,503.34,0,3385,0,8.364120058828153,9.635171187944412,0.0,0.81432604,5.02757816,43.918888599999995,87.51590920000001,810.0451955999999,0,1,0,1245.5763153178361,911.5649257392854,0.0,205.0,1003.0,4530.0,6930.0,43235.0,0,2159,21031,25.36770871536547,21.257070254075746,-230.05,6.84,19.55,106.69,196.77,2230.38,0,60886,324,20.270749874491045,16.405025161751354,-106.63,5.4,15.62,80.62,143.9,1347.28,0,14140055,0,1.1775595023163166,3.2595827127001913,0.0,0.0,0.0,15.0,30.75,241.38,0,15160594,0,1.200300566199518,3.968928147328992,0.0,0.0,0.0,21.0,28.92,188.57,0,10194135,0,1.1706924042311735,1.3615895758817513,0.0,0.0,0.0,2.75,2.75,8.25,0,16220638,0,0.22153414121779288,0.7140096069671436,0.0,0.0,0.0,2.5,2.5,6.9,0,7859,0,0.8038675411108216,0.7118177433465748,0.0,0.21,0.59,3.57,6.34,92.99,0,502589,0,2.151258793705652,1.7726441902370846,0.0,0.0,1.66,8.62,14.94,200.03,0,3385,0,22.00587839440922,11.814432285709094,0.0,6.114805714285715,18.642624817861343,61.387519921875,76.78541717626425,272.300328,,,,,,,,,,,
2022-10-01,19306090,0,113441,0,0,4204,0,5.059421974983024,5.911191030506633,0.0,0.5,3.04,26.82,53.182,634.32,0,4204,0,8.14233016121918,9.513116173036707,0.0,0.80467,4.8923936,43.1624988,85.58791988,1020.8365488000001,0,0,0,1202.7206933149073,852.9927907149744,1.0,203.0,983.0,4216.0,6402.0,44432.0,0,2798,24208,24.22593326820708,20.44770715781189,-333.25,6.78,18.64,101.1,187.06,2856.69,0,130152,417,19.52259732913293,15.739538532629874,-177.5,5.39,15.19,76.47,137.8,2021.07,0,15298161,0,1.1479632644414277,3.1408136430030655,0.0,0.0,0.0,14.78,30.0,194.79,0,16627288,0,1.1499092213907631,3.9110877086164333,0.0,0.0,0.0,21.0,28.58,177.92,0,10940351,0,1.1795650103153978,1.3590132497873952,0.0,0.0,0.0,2.75,2.75,11.0,0,17694195,0,0.20842867354290795,0.6937079944373709,0.0,0.0,0.0,2.5,2.5,6.9,0,13100,0,0.7671579594832512,0.6849278301544568,0.0,0.21,0.56,3.4,5.99,87.09,0,543524,0,2.052573652666076,1.7041846768655835,0.0,0.0,1.58,8.18,14.05,257.64,0,4204,0,21.947297786860403,11.715444830949568,0.0,6.311752975609757,18.58689168979592,60.988170796691335,76.40513934508814,272.300328,,,,,,,,,,,
2022-11-01,18085896,0,273010,8569,0,3900,0,5.035403907553157,5.871714227128358,0.0,0.49,2.99,26.8,52.99,630.36,0,3900,0,8.103676924581595,9.449584574285822,0.0,0.7885766,4.8119266000000005,43.130312,85.2789266,1014.4635624,0,1,0,1188.595344460678,847.7624595850893,0.0,200.0,969.0,4206.0,6419.0,98392.0,0,517,17751,23.776082326250247,19.89111260792496,-108.83,6.83,18.03,99.27,183.14,2205.11,0,303710,429,18.521948491797144,15.496723010037153,-121.79,0.0,14.14,75.58,135.95,1504.11,0,14358986,0,1.1348386947486593,3.1231271711666184,0.0,0.0,0.0,14.7,29.84,180.66,0,15632904,0,1.1326331164350387,3.912684991645354,0.0,0.0,0.0,21.0,28.79,215.61,0,10480677,0,1.140804608187507,1.3520559467048443,0.0,0.0,0.0,2.75,2.75,5.5,0,16524730,0,0.2146759098913319,0.7021957166681445,0.0,0.0,0.0,2.5,2.5,6.9,0,15352,0,0.7526190159448003,0.6698989372200922,0.0,0.2,0.54,3.35,5.89,68.66,0,512988,0,2.0095409129854556,1.649048167669339,0.0,0.0,1.53,8.01,13.74,203.11,0,3900,0,22.080116150724393,11.993966833793246,0.0,6.148335673469388,18.608205505263157,61.850154880000005,77.16868255670103,266.50670399999996,,,,,,,,,,,
2022-12-01,19665847,0,313628,0,0,4105,0,4.943219986660122,5.8207207795890366,0.0,0.47,2.89,26.79,52.674,373.48,0,4105,0,7.9553216533316,9.367518779422724,0.0,0.7563898,4.6509926,43.1142186,84.77037516,601.0563032,0,2,0,1175.2134085554515,847.7358174883108,0.0,193.0,951.0,4197.0,6360.0,43581.0,0,168,17116,24.424007698727646,20.86176399982273,-107.74,6.85,18.46,104.49,193.83,1550.61,0,349829,447,18.693898985891632,15.775868375989932,-143.29,0.0,14.21,77.34,138.04,1025.41,0,15551088,0,1.196431392962632,3.2892871119004883,0.0,0.0,0.0,15.18,30.97,159.13,0,17117963,0,1.1209788213037557,3.9750108817327323,0.0,0.0,0.0,21.0,29.63,144.32,0,11530683,0,1.122591452582744,1.3497768732078053,0.0,0.0,0.0,2.75,2.75,5.5,0,18046732,0,0.20477840288292695,0.6878726197176422,0.0,0.0,0.0,2.5,2.5,6.9,0,8370,0,0.7704973063199363,0.6978430078820673,0.0,0.21,0.56,3.51,6.2,47.42,0,571328,0,2.0450781824957756,1.7054567191259773,0.0,0.0,1.56,8.33,14.46,122.22,0,4105,0,21.903255340050855,11.936374958094694,0.0,5.427835112016292,18.533433370212762,61.179853436619716,76.48479986248388,266.50670399999996,,,,,,,,,,,
2023-01-01,18479031,0,264575,0,0,3741,0,4.870138037541038,5.655498520678109,0.0,0.48,2.897,25.79,51.15,407.563,0,3741,0,7.837707949336294,9.101619989267467,0.0,0.7724831999999999,4.66225798,41.5048786,82.317741,655.90743842,0,2,0,1094.6340335702669,745.3304157953294,0.0,194.0,906.0,3685.0,5499.0,35359.0,0,98,13440,21.555652470088937,18.011440423216143,-146.34,6.25,16.26,89.93,172.11,1455.12,0,290497,315,16.78466675660645,14.182203893412957,-102.15,0.0,12.61,68.41,126.31,1285.04,0,14900019,0,0.9776651502992771,2.788657902956483,0.0,0.0,0.0,12.88,26.62,180.53,0,16199046,0,1.0347381770180484,3.7576722513360874,0.0,0.0,0.0,21.0,28.83,184.37,0,10870150,0,1.1157670686303844,1.3492336568575969,0.0,0.0,0.0,2.75,2.75,8.25,0,17060293,0,0.19049145488202276,0.6650832130466187,0.0,0.0,0.0,2.5,2.5,6.9,0,10257,0,0.6819760451724985,0.6096692123288049,0.0,0.19,0.49,3.07,5.52,64.71,0,470457,0,1.830260603491601,1.4873445808488754,0.0,0.0,1.39,7.3,12.67,120.91,0,3741,0,NaN,NaN,0.0,6.967016202531645,19.132432744186044,62.17243819354839,77.58609782509505,inf,,,,,,,,,,,
2023-02-01,17960971,0,239168,0,0,2961,0,4.814824841151405,5.579801344050556,0.0,0.48,2.86,25.81,50.12,423.0,0,2961,0,7.748690209858603,8.979797495034509,0.0,0.7724831999999999,4.6027124,41.537065399999996,80.6601208,680.75082,0,2,0,1106.3029962021542,758.3159424010876,0.0,193.0,914.0,3740.0,5586.0,43234.0,0,77,13547,22.325002212853637,18.27583923499574,-82.18,6.28,17.09,91.81,173.26,1575.43,0,261731,501,17.582837391141048,14.731833480983239,-81.97,0.0,13.27,71.3,128.81,934.65,0,14823634,0,0.9131981884498338,2.75530240476847,0.0,0.0,0.0,12.9,26.59,176.22,0,15765778,0,1.022889417838267,3.743622966541041,0.0,0.0,0.0,21.0,28.83,110.97,0,10435825,0,1.1327792216801642,1.3494107347021898,0.0,0.0,0.0,2.75,2.75,8.25,0,16649333,0,0.18075467078032695,0.64831971435166,0.0,0.0,0.0,2.5,2.5,6.9,0,5952,0,0.7053018642477625,0.6177484226817265,0.0,0.19,0.51,3.14,5.56,47.89,0,452735,0,1.8966672586910809,1.5153671363386285,0.0,0.0,1.45,7.47,12.87,115.09,0,2961,0,NaN,NaN,0.0,6.865945885486019,18.7970912,61.579154777893635,77.198028125,inf,,,,,,,,,,,
2023-03-01,20413539,0,327248,0,0,3555,0,4.938423634285069,5.7674338614834015,0.0,0.48,2.913,26.69,52.2,307.19,0,3555,0,7.947602691600334,9.28176201063934,0.0,0.7724831999999999,4.68800742,42.9532846,84.007548,494.3731546,0,2,0,1155.253110545898,819.0191512031184,0.0,193.0,940.0,4053.0,6011.0,51226.0,0,3193,13686,23.405867888463632,19.380222517770726,-107.37,6.47,17.85,97.46,183.35,1090.88,0,356947,304,18.60097561329273,15.878647216373796,-107.35,0.0,13.95,76.72,137.45,1065.13,0,16425237,0,1.0532713235074036,2.996053493439378,0.0,0.0,0.0,14.01,28.8,184.17,0,17781152,0,1.065730935238618,3.8208896967487775,0.0,0.0,0.0,21.0,29.23,120.0,0,12134992,0,1.094916858855292,1.3413708837022307,0.0,0.0,0.0,2.75,2.75,11.0,0,19280768,0,0.1362813738470336,0.5664034832279518,0.0,0.0,0.0,2.5,2.5,6.9,0,11657,0,0.7381959605338397,0.6520829761638416,0.0,0.19,0.54,3.31,5.9,32.92,0,543641,0,1.976007671673197,1.5855610376638827,0.0,0.0,1.52,7.8,13.47,97.4,0,3555,0,22.014027230967553,11.635276385494913,0.0,6.61443181600736,18.607259562043794,61.01321710691824,76.7143977882353,436.8392496,,,,,,,,,,,
2023-04-01,19144903,0,18679,0,0,3442,0,5.020918498098423,5.821825744448757,0.0,0.48,2.99,27.08,52.33,362.19,0,3442,0,8.080364975729717,9.369297043569189,0.0,0.7724831999999999,4.8119266000000005,43.5809272,84.21676219999999,582.8868546,0,3,0,1160.9468190567484,825.32606964903,0.0,195.0,946.0,4094.0,6183.0,63519.0,0,156,11800,24.430149858163293,20.259358793667793,-116.28,6.86,18.72,101.79,189.61,1501.24,0,25721,154,19.603147714564027,16.311151780971095,-90.28,5.39,14.85,79.65,141.79,1550.55,0,15334586,0,1.1191117207540826,3.1359312596868962,0.0,0.0,0.0,14.87,30.0,189.2,0,16579701,0,1.1024952317595968,3.8792224947958602,0.0,0.0,0.0,21.0,29.7,100.0,0,11219282,0,1.126269913720639,1.3497435291603477,0.0,0.0,0.0,2.75,2.75,5.5,0,17642680,0,0.19624215385160218,0.6755938556671462,0.0,0.0,0.0,2.5,2.5,6.9,0,4147,0,0.7718960367675929,0.6810412580098396,0.0,0.21,0.56,3.44,6.11,45.36,0,510374,0,2.0666040047317034,1.6648761550357014,0.0,0.0,1.59,8.19,14.02,96.25,0,3442,0,22.34206848476401,11.698043416411952,0.0,6.5903702546689304,18.936175766423357,61.04613757455268,76.51630333901193,278.093952,,,,,,,,,,,
2023-05-01,19847676,0,19749,0,0,3378,0,5.1536540196948,5.951646722722981,0.0,0.5,3.066,27.49,53.443,320.97,0,3378,0,8.293981560055629,9.578223136745958,0.0,0.80467,4.934236439999999,44.2407566,86.00795762,516.5498598,0,3,0,1233.3330695744933,903.2589335311166,0.0,201.0,990.0,4472.0,6737.0,94853.0,0,106,6340,25.46847835434234,21.55977644932594,-119.27,6.76,19.13,108.29,197.74,1600.17,0,27348,105,20.405758288275162,17.23467953441836,-46.55,5.39,15.32,83.76,148.6,1964.18,0,15788921,0,1.2010253331422782,3.333916812191248,0.0,0.0,0.0,15.6,30.99,181.21,0,17056551,0,1.1602121931051272,3.994262559524987,0.0,0.0,0.0,21.0,30.46,114.73,0,11835531,0,1.0961836665411104,1.3441990916194695,0.0,0.0,0.0,2.75,2.75,8.25,0,18041131,0,0.22772419551790346,0.7232327123394132,0.0,0.0,0.0,2.5,2.5,6.9,0,7831,0,0.8048218295179748,0.7235051287404083,0.0,0.2,0.58,3.64,6.37,48.2,0,569190,0,2.142322266848774,1.7746422031162707,0.0,0.0,1.63,8.69,14.67,142.6,0,3378,0,21.849844062774288,11.554939446851714,0.0,6.3704783376623375,18.54775683380282,60.6965530052356,75.96198534275618,272.300328,,,,,,,,,,,
2023-06-01,19366619,0,19257,0,0,3088,0,5.134284346896068,6.061852128072204,0.0,0.49,3.04,27.776,55.19,568.43,0,3088,0,8.26280917083372,9.755581103791785,0.0,0.7885766,4.8923936,44.70102784,88.81947459999999,914.7971362,0,2,0,1213.1505573585146,882.5539696335752,0.0,200.0,979.0,4361.0,6665.0,38457.0,0,202,5949,25.451074693522912,21.962558806048975,-176.4,7.04,19.0,109.08,203.23,3507.11,0,26420,140,19.974823895177575,17.46319240773881,-106.68,5.39,14.88,83.45,152.15,4334.89,0,15414218,0,1.2040595826251346,3.38623327414822,0.0,0.0,0.0,15.77,31.98,361.6,0,16666409,0,1.1446608176677613,3.970361951135341,0.0,0.0,0.0,21.0,30.54,123.08,0,11549709,0,1.0953104540343361,1.3439835311429373,0.0,0.0,0.0,2.75,2.75,8.25,0,17661474,0,0.22067936122458962,0.7146169760791905,0.0,0.0,0.0,2.5,2.5,6.9,0,7708,0,0.8044695736514463,0.7432442282361927,0.0,0.21,0.58,3.68,6.63,213.02,0,546163,0,2.142815271989396,1.8055733272303742,0.0,0.0,1.62,8.77,15.26,471.52,0,3088,0,21.960719060482926,11.564968590991409,0.0,6.343534276573053,18.643526483084187,60.795431064935066,76.39847125948407,272.300328,,,,,,,,,,,
2023-07-01,19132131,0,15049,0,0,3193,0,5.134858704187212,6.033575768722918,0.0,0.49,3.07,27.29,55.897,503.66,0,3193,0,8.26373350699665,9.710074827636847,0.0,0.7885766,4.9406738,43.918888599999995,89.95727798,810.5601844,0,2,0,1168.4375798493122,833.4266010087194,0.0,197.0,953.0,4093.0,6367.0,70869.0,0,75,396,24.18598358750523,20.912343529158555,-37.31,6.97,18.11,103.77,201.85,3024.22,0,21093,122,19.238069548028914,16.800388039209544,-62.22,5.39,14.34,79.83,150.97,3749.22,0,15183482,0,1.1484681371876453,3.2241852546735736,0.0,0.0,0.0,15.0,30.79,230.0,0,16555168,0,1.1114090265219279,3.9042823700709657,0.0,0.0,0.0,21.0,29.86,109.26,0,11487038,0,1.0800113824225854,1.3391004469378294,0.0,0.0,0.0,2.75,2.75,8.25,0,17474094,0,0.21710069986453678,0.7095736836392613,0.0,0.0,0.0,2.5,2.5,6.9,0,6479,0,0.6985877234480571,0.6423223793876937,0.0,0.19,0.5,3.21,5.97,84.67,0,516792,0,2.031902693955002,1.692960320899683,0.0,0.0,1.54,8.2,14.59,210.19,0,3193,0,22.646717161733932,11.684219842147984,0.0,6.517353355134074,19.241411189905364,61.03705284507042,76.38737466703817,260.71308,,,,,,,,,,,
2023-08-01,18322150,0,10545,0,0,2940,0,5.230753642885796,6.072805451126159,0.0,0.5,3.15,27.56,55.74,483.91,0,2940,0,8.418061067641828,9.773208724715381,0.0,0.80467,5.069421,44.353410399999994,89.7046116,778.7757194000001,0,1,0,1188.0348205314333,849.6807140627524,0.0,200.0,968.0,4160.0,6443.0,35885.0,0,1996,2011,24.28970501933452,20.868688273594195,-47.86,6.96,18.11,104.05,201.09,2398.27,0,15027,94,19.385686910651863,16.846623286570065,-60.93,5.39,14.39,80.18,150.43,2942.83,0,14717439,0,1.1137494557134398,3.2093108286936367,0.0,0.0,0.0,15.0,30.59,202.4,0,15815092,0,1.1618471800525592,3.9279933967266514,0.0,0.0,0.0,21.0,29.05,105.12,0,11209960,0,1.046371372901106,1.3299564953019567,0.0,0.0,0.0,2.75,2.75,8.25,0,16611165,0,0.2332031551973977,0.7308836693121983,0.0,0.0,0.0,2.5,2.5,6.9,0,8881,0,0.7032025722963735,0.642920222606159,0.0,0.19,0.5,3.22,5.95,66.42,0,501852,0,2.0468829236743504,1.7093495414854576,0.0,0.0,1.54,8.3,14.66,214.35,0,2940,0,22.68639911445418,11.547737423360768,0.0,6.819456820925553,19.31715411455596,60.70565873804972,76.23716639170165,290.6736837687366,,,,,,,,,,,
2023-09-01,19851123,0,1087,0,0,4325,0,5.093623222877618,5.941093297213144,0.0,0.473,3.027,27.43,53.52,438.41,0,4325,0,8.197371597505864,9.561239086937652,0.0,0.7612178199999999,4.8714721800000005,44.144196199999996,86.1318768,705.5507494000001,0,4,0,1260.6562661467565,942.1321928263286,0.0,198.0,1008.0,4658.0,7174.0,43235.0,0,910,632,25.98744573191149,22.377594250877713,-33.46,6.96,19.53,112.42,208.81,2911.3,0,5327,322,20.931731056222866,17.781496970856633,-73.11,5.39,15.74,85.95,151.97,2920.19,0,15865872,0,1.213767034741561,3.4652677530020535,0.0,0.0,0.0,16.19,33.29,184.22,0,17159493,0,1.1667450048040104,3.945768197848321,0.0,0.0,0.0,21.0,29.22,236.81,0,11687214,0,1.1089831416590386,1.3440037600477288,0.0,0.0,0.0,2.75,2.75,11.0,0,18116759,0,0.21833354717513964,0.7096545486415982,0.0,0.0,0.0,2.5,2.5,6.9,0,5964,0,0.7498978692540468,0.6827069995701405,0.0,0.19,0.54,3.43,6.14,80.22,0,549093,0,2.185753715797338,1.8418987855618232,0.0,0.0,1.66,9.06,15.68,258.89,0,4325,0,21.32452682506443,11.618898425805112,0.0,5.615662853242321,18.051350741839762,60.22237271351352,75.82731372211349,260.71308,,,,,,,,,,,
2023-10-01,20186330,0,1651,0,0,3290,0,5.121415119935125,5.927411701968652,0.0,0.49,3.048,27.63,53.104,425.0,0,3290,0,8.242098209116392,9.53922074844693,0.0,0.7885766,4.90526832,44.4660642,85.46239136,683.9695,0,2,0,1248.9377824993448,896.8347286445368,0.0,202.0,1012.0,4401.0,6531.0,46150.0,0,102,205,25.94765590129558,21.63621364442935,-37.42,7.07,19.69,109.47,199.86,3049.99,0,3100,698,20.360954307196998,16.98497696423131,-63.34,5.39,15.34,82.23,145.34,2196.11,0,16063389,0,1.2349502782328439,3.445987648411012,0.0,0.0,0.0,16.18,32.22,214.7,0,17368129,0,1.1937526940261058,3.9826283665071744,0.0,0.0,0.0,21.0,29.02,103.32,0,11866421,0,1.108716022179366,1.3429579584803923,0.0,0.0,0.0,2.75,2.75,11.0,0,18386607,0,0.22223666461412256,0.7139987377424567,0.0,0.0,0.0,2.5,2.5,6.9,0,4031,0,0.7493742488109528,0.6640957050803761,0.0,0.19,0.54,3.35,5.87,84.85,0,572529,0,2.180987979984475,1.785169751557685,0.0,0.0,1.67,8.82,14.88,273.85,0,3290,0,21.43316204647542,11.542381119321899,0.0,6.017412051502146,18.157899218823527,60.10351613549337,75.63442096317279,1317.7345891304349,,,,,,,,,,,
2023-11-01,19269250,0,570,8481,0,3247,0,5.113381922129818,5.942791204179655,0.0,0.49,3.02,27.657,53.24,481.76,0,3247,0,8.229170062560403,9.563971596535012,0.0,0.7885766,4.8602068,44.50951638,85.6812616,775.3156384,0,1,0,1232.698869753623,895.745813158528,0.0,199.0,995.0,4430.0,6695.0,44073.0,0,78,180,25.464853766493246,21.905841860050597,-60.26,7.09,19.01,111.69,208.73,2167.21,0,2351,77,19.9323216321341,16.9177689547658,-50.9,5.39,14.84,82.27,145.23,1560.37,0,15321478,0,1.2369902497502498,3.4947793333320205,0.0,0.0,0.0,16.39,33.96,222.35,0,16576288,0,1.1938007908974142,3.9831364327914303,0.0,0.0,0.0,21.0,28.96,162.99,0,11540464,0,1.0797138186488835,1.340462234927436,0.0,0.0,0.0,2.75,2.75,5.5,0,17526960,0,0.22537848125900073,0.718820273507343,0.0,0.0,0.0,2.5,2.5,10.0,0,4293,0,0.7360046794763678,0.6728806020384576,0.0,0.19,0.52,3.42,6.13,47.92,0,546216,0,2.132208784462291,1.7828686534039233,0.0,0.0,1.61,8.85,15.37,154.65,0,3247,0,21.690315285522566,11.785360077219897,0.0,5.910903838056679,18.331388437500003,60.969924023300976,76.33951623529411,243.332208,,,,,,,,,,,
2023-12-01,20516297,0,1465,0,0,3619,0,5.099172837232762,5.952490862337927,0.0,0.48,2.988,27.81,52.79,438.88,0,3619,0,8.206302813872172,9.579581644393897,0.0,0.7724831999999999,4.80870792,44.755745399999995,84.9570586,706.3071391999999,0,2,0,1219.2179506369985,889.2607126954168,0.0,196.0,981.0,4399.0,6569.0,39581.0,0,1313,346,26.180776018206405,22.933525779641954,-56.53,7.01,19.64,117.16,217.03,2447.14,0,5126,104,20.25516527275853,17.4471451597222,-53.88,5.39,15.01,85.36,150.02,1761.95,0,16381841,0,1.2524691146750313,3.6025604929597788,0.0,0.0,0.0,17.08,35.53,203.32,0,17719933,0,1.191840788812913,4.089050223428358,0.0,0.0,0.0,21.0,33.88,99.57,0,12500836,0,1.0525337613312968,1.3332377197259042,0.0,0.0,0.0,2.75,2.75,11.0,0,18762439,0,0.21291452058819388,0.7001268911832549,0.0,0.0,0.0,2.5,2.5,6.9,0,66124,0,0.7505447956812089,0.7007266636235336,0.0,0.17,0.54,3.57,6.34,67.91,0,664596,0,2.1634044257596776,1.8481192034435974,0.0,0.0,1.64,9.25,15.96,219.15,0,3619,0,21.839984658537333,11.911334969578057,0.0,5.493555824701195,18.437396996424315,61.11549471827536,76.381913289987,231.74496000000002,,,,,,,,,,,
2024-01-01,19663930,0,1083,0,0,3286,0,4.838586508088667,5.698662365016687,0.0,0.47,2.83,26.38,51.28,417.62,0,3286,0,7.786930810927417,9.171085290516146,0.0,0.7563898,4.5544322,42.4543892,82.5269552,672.0925708,0,2,0,1110.4697250244483,772.2219227477008,0.0,191.0,912.0,3794.0,5673.0,52060.0,0,7143,191,23.959245862347963,20.536568700357893,-43.09,7.15,18.0,104.98,199.36,1911.16,0,4496,137,18.269094473993754,15.461167047989376,-67.76,5.39,13.57,74.79,135.88,1218.17,0,15935001,0,1.0582556976148716,3.1270737977211085,0.0,0.0,0.0,14.85,30.78,196.8,0,17247139,0,1.0552073624143292,3.7984215973857167,0.0,0.0,0.0,21.0,33.88,141.02,0,11810609,0,1.075129412075816,1.3441484475610561,0.0,0.0,0.0,2.75,5.5,8.25,0,18148474,0,0.19222517828328317,0.6691914835598064,0.0,0.0,0.0,2.5,2.5,6.9,0,15316,0,0.6905130388482872,0.63115485531098,0.0,0.19,0.5,3.23,5.86,53.94,0,484037,0,2.026124964846803,1.6768184754749051,0.0,0.0,1.53,8.47,14.62,152.69,0,3286,0,22.2266616853857,11.849189444939421,0.0,6.672119769673704,18.642296878612715,61.324632218181804,77.01040313814434,243.332208,,,,,,,,,,,
2024-02-01,19359148,0,1315,0,0,3082,0,4.9305094474198965,5.6820716393577175,0.0,0.48,2.92,26.542,50.676,289.21,0,3082,0,7.9348660741107375,9.144385172084444,0.0,0.7724831999999999,4.6992728,42.71510228,81.55491384,465.43722139999994,0,3,0,1151.918445171244,800.6202621692214,0.0,195.0,946.0,3935.0,5856.0,55138.0,0,76,8512,24.268609999778917,20.43008660854393,-140.7,7.14,18.51,105.17,196.97,1397.82,0,4811,106,19.073006558966334,15.721589993120801,-65.96,5.39,14.46,76.36,134.98,1006.56,0,15691374,0,1.0701090791805508,3.166262647411885,0.0,0.0,0.0,15.0,31.05,188.0,0,16892279,0,1.0976512003524121,3.856406867153623,0.0,0.0,0.0,21.0,33.88,108.42,0,11647828,0,1.0679115372226091,1.3344916641426217,0.0,0.0,0.0,2.75,2.75,5.5,0,17868527,0,0.19176515412765066,0.6673439776873538,0.0,0.0,0.0,2.5,2.5,6.9,0,5532,0,0.6999241650510653,0.6300162319998585,0.0,0.19,0.51,3.25,5.78,38.68,0,492806,0,2.049083871356322,1.6809427501805099,0.0,0.0,1.58,8.53,14.68,108.84,0,3082,0,22.02109960348569,11.70730522715361,0.0,6.626694117647057,18.52752675,60.929437154264974,76.54973928605428,185.395968,,,,,,,,,,,
2024-03-01,21280788,0,903,0,0,2954,0,4.950499744887266,5.748904622719232,0.0,0.47,2.917,26.81,51.47,271.32,0,2954,0,7.967037259436873,9.251942165526522,0.0,0.7563898,4.6944447799999995,43.1464054,82.8327298,436.6461288,0,2,0,1178.8639491169217,840.0540686601751,0.0,193.0,957.0,4141.0,6114.0,43235.0,0,103,1080,25.5477983601923,21.83741500524233,-35.08,6.66,19.24,111.92,208.17,1348.98,0,4508,88,19.554930438666087,16.493226676629913,-42.44,5.39,14.53,80.1,141.11,1021.14,0,17205292,0,1.1383683179401063,3.3596330968586328,0.0,0.0,0.0,15.9,33.05,205.9,0,18484628,0,1.1192872176537825,3.888016832629867,0.0,0.0,0.0,21.0,33.88,99.46,0,13051271,0,1.0360090636681312,1.3259072928782383,0.0,0.0,0.0,2.75,2.75,8.25,0,19571596,0,0.20031541595170255,0.6814415695834433,0.0,0.0,0.0,2.5,2.5,6.9,0,7349,0,0.7394085468075712,0.6739980812030874,0.0,0.18,0.53,3.45,6.15,41.7,0,553239,0,2.1627579368771492,1.8069173316353715,0.0,0.0,1.65,9.12,15.58,134.57,0,2954,0,21.65666889898607,11.485972130689774,0.0,6.353411025489034,18.31317931034483,60.29700240710585,76.20913894736843,260.71308,,,,,,,,,,,
2024-04-01,19733038,0,673,0,0,2508,0,5.03778954234011,5.834217747022733,0.0,0.48,2.98,27.18,52.43,279.31,0,2508,0,8.107516222069632,9.389239988994117,0.0,0.7724831999999999,4.7958332,43.7418612,84.3776962,449.5047554,0,1,0,1189.4508609368715,843.2756796427715,0.0,195.0,969.0,4151.0,6150.0,41560.0,0,92,673,25.892715572736442,22.564374839576818,-41.36,6.58,19.34,115.32,213.6,1213.24,0,4069,60,19.80449693858594,16.743434120076806,-33.88,5.39,14.77,81.13,144.37,919.2,0,15911029,0,1.1771049374151106,3.4667783872909737,0.0,0.0,0.0,16.5,34.25,266.63,0,17093213,0,1.1567169256958811,3.9756143296696473,0.0,0.0,0.0,21.0,33.88,87.74,0,11975585,0,1.0524797803561723,1.3285933765770848,0.0,0.0,0.0,2.75,2.75,8.25,0,18050522,0,0.21263776008539587,0.7000970890552672,0.0,0.0,0.0,2.5,2.5,6.9,0,7895,0,0.7533288513405791,0.6971351965584152,0.0,0.18,0.54,3.56,6.32,34.88,0,546166,0,2.1892035311541993,1.8551146181892642,0.0,0.0,1.66,9.32,15.92,112.58,0,2508,0,21.908392258426712,11.658551265859982,0.0,6.263377297297296,18.520929196777907,60.72181591481122,76.06955621566632,283.88757599999997,,,,,,,,,,,
2024-05-01,20704538,0,854,0,0,2510,0,5.145416235320005,5.94733048894996,0.0,0.49,3.05,27.56,53.563,326.35,0,2510,0,8.280724164149898,9.571276849085754,0.0,0.7885766,4.908487,44.353410399999994,86.20107842,525.208109,0,1,0,1262.3401795297243,931.5298619146553,0.0,200.0,1011.0,4627.0,6929.0,43234.0,0,132,266,27.166885603049916,23.91071496897186,-58.47,7.0,20.15,122.14,225.69,1696.23,0,4656,75,20.81530413429172,17.78229236466972,-73.37,5.39,15.46,86.26,152.05,912.24,0,16706928,0,1.255182299165526,3.67590205666779,0.0,0.0,0.0,17.39,35.99,206.21,0,17819944,0,1.204941145269699,4.0510861234549544,0.0,0.0,0.0,21.0,33.88,87.44,0,12618843,0,1.0471259609849783,1.3277819284119197,0.0,0.0,0.0,2.75,2.75,2.75,0,18815624,0,0.22762616823422963,0.7225207715949048,0.0,0.0,0.0,2.5,2.5,6.9,0,7959,0,0.7891361985473909,0.7359855352101663,0.0,0.19,0.56,3.74,6.66,47.66,0,595129,0,2.287235106622519,1.9638022361917988,0.0,0.0,1.72,9.87,16.79,153.81,0,2510,0,21.352510966903406,11.379803584220442,0.0,6.0792251830985915,18.11970114252741,59.76945467879367,75.09586348134992,278.093952,,,,,,,,,,,
2024-06-01,20123226,0,922,0,0,2655,0,5.172980629298702,5.990272386247277,0.0,0.493,3.1,27.606,54.83,363.55,0,2655,0,8.325084645955572,9.640384962083566,0.0,0.79340462,4.9889540000000006,44.42744004,88.2401122,585.075557,0,3,0,1240.0237827672363,903.1166197971993,0.0,201.0,1001.0,4491.0,6816.0,36156.0,0,169,199,27.002112647842843,23.913531697384272,-31.22,6.81,20.11,122.31,227.06,1612.34,0,4880,33,20.720965045564764,17.739365071553273,-65.51,5.39,15.48,86.09,155.31,1142.46,0,16241492,0,1.219053300897182,3.621030199609243,0.0,0.0,0.0,17.36,36.04,204.47,0,17272418,0,1.1995052865778082,4.0406262346232875,0.0,0.0,0.0,21.0,33.88,100.02,0,12391751,0,1.0303552223684214,1.3237016828098254,0.0,0.0,0.0,2.75,2.75,5.5,0,18360932,0,0.2189769771506815,0.7111979483302661,0.0,0.0,0.0,2.5,2.5,7.25,0,3131,0,0.7847684193379332,0.7357832598311854,0.0,0.18,0.56,3.75,6.71,44.84,0,568312,0,2.2751590023388895,1.9599196530275416,0.0,0.0,1.72,9.85,16.88,144.7,0,2655,0,21.731089685689334,11.354646370923188,0.0,6.263377297297296,18.487783902439027,59.94808132286069,75.29465609302326,202.77684000000002,,,,,,,,,,,
2024-07-01,19182934,0,775,0,0,2479,0,5.150312108616961,5.9776569441082765,0.0,0.49,3.098,27.25,55.7,350.85,0,2479,0,8.288603288881621,9.620082426429775,0.0,0.7885766,4.98573532,43.854515,89.64023800000001,564.636939,0,4,0,1180.3203704918133,829.3122265243435,0.0,198.0,968.0,4079.0,6227.0,42478.0,0,196,437,25.654159452354893,22.68705376898947,-32.85,6.97,19.19,114.76,221.86,1399.74,0,4192,37,19.766628922353586,16.981117899889355,-33.88,5.39,14.78,81.2,153.4,1167.03,0,15548945,0,1.1330045544649219,3.403368441787589,0.0,0.0,0.0,15.95,34.31,274.64,0,16525298,0,1.1783240212367931,4.029052967193512,0.0,0.0,0.0,21.0,33.88,87.06,0,11847450,0,1.0253340286736117,1.3223716736421407,0.0,0.0,0.0,2.75,2.75,2.75,0,17468069,0,0.22351991827736048,0.717943064826998,0.0,0.0,0.0,2.5,2.5,7.25,0,1226,0,0.7231210298695705,0.654420248647044,0.0,0.18,0.53,3.3,6.26,39.09,0,516724,0,2.16617602552352,1.8528217467250048,0.0,0.0,1.65,9.22,16.25,116.16,0,2479,0,22.485145419372294,11.625663818713926,0.0,6.505552372881355,19.06850421621622,60.57729742702703,75.84021604088586,278.093952,,,,,,,,,,,
2024-08-01,19128392,0,844,0,0,2594,0,5.183740409334982,6.023378871453404,0.0,0.488,3.11,27.28,56.03,488.662,0,2594,0,8.34240079035916,9.693664552986547,0.0,0.7853579199999999,5.0050474,43.9027952,90.1713202,786.42330308,0,3,0,1190.7289156349368,847.6159576713268,0.0,196.0,971.0,4169.0,6349.0,39352.0,0,100,334,26.138887142735257,22.985978056707648,-46.84,7.07,19.66,115.97,223.15,1581.79,0,4271,27,20.016795004514755,17.311234734750226,-35.7,5.39,14.93,82.35,155.89,1126.55,0,15584512,0,1.113785647533781,3.389094952556532,0.0,0.0,0.0,15.88,34.19,299.07,0,16443470,0,1.19769249291838,4.083102122862898,0.0,0.0,0.0,21.09,34.6,96.8,0,11984077,0,0.9997839990941214,1.3150465103385558,0.0,0.0,0.0,2.75,2.75,2.75,0,17386041,0,0.22744982955179924,0.7228077113102352,0.0,0.0,0.0,2.5,2.5,7.25,0,40011,0,0.728664263049398,0.6601999478758397,0.0,0.18,0.54,3.31,6.27,43.57,0,536389,0,2.1912465836124646,1.882262808851187,0.0,0.0,1.66,9.36,16.32,100.8,0,2594,0,22.38096366357741,11.427007934672455,0.0,6.681157889361702,19.066907109375002,59.94393148514851,75.36244796762008,202.77684000000002,,,,,,,,,,,
2024-09-01,19209788,0,995,0,0,2991,0,5.204905641124202,5.969283750705671,0.0,0.49,3.106,27.681,53.9,469.408,0,2991,0,8.376462844486822,9.606607111360454,0.0,0.7885766,4.99861004,44.54814054,86.743426,755.4370707200001,0,2,0,1277.779489914204,931.6801210900267,0.0,202.0,1025.0,4591.0,6754.0,33105.0,0,1188,477,27.400595289755408,23.744813404439565,-43.98,7.11,20.48,121.67,218.31,1426.55,0,5124,69,21.201762530643233,17.876046517095293,-43.57,5.39,15.85,86.84,152.4,1024.93,0,15564695,0,1.1988281598943207,3.579452691418943,0.0,0.0,0.0,17.38,35.0,227.68,0,16494268,0,1.252993572339268,4.219388017304257,0.0,0.0,0.0,21.31,35.87,100.66,0,11718662,0,1.047474586913713,1.328404833195595,0.0,0.0,0.0,2.75,2.75,5.5,0,17495433,0,0.22262857611963235,0.7144778199456514,0.0,0.0,0.0,2.5,2.5,7.25,0,67484,0,0.7639211671674877,0.6824093210731441,0.0,0.17,0.56,3.47,6.14,39.3,0,608543,0,2.2916795396180323,1.9677341714781988,0.0,0.0,1.73,9.92,16.38,95.15,0,2991,0,21.415850534913137,11.512979126669702,0.0,5.872679298245615,18.172724247787613,60.04677445714285,75.3137377285964,304.56099934426226,,,,,,,,,,,
2024-10-01,20028282,0,12391,0,0,2913,0,5.197294825587138,5.963616750252458,0.0,0.5,3.11,27.706,54.05,455.52,0,2913,0,8.364214454610403,9.59748698085075,0.0,0.80467,5.0050474,44.58837404,86.984827,733.0865567999999,0,1,0,1251.5100495888764,887.6882124038149,0.0,202.0,1019.0,4362.0,6407.0,35091.0,0,15428,1797,27.061882351167213,23.62072367035768,-30.1,6.95,20.08,120.36,217.17,1400.28,0,18339,142,20.901095179306942,17.53653483195834,-46.94,5.39,15.74,85.2,151.08,1157.19,0,16067831,0,1.2508328452734987,3.6392024627879827,0.0,0.0,0.0,17.68,35.18,237.1,0,17122079,0,1.2676813483053615,4.219888419234245,0.0,0.0,0.0,21.19,35.73,96.22,0,12184451,0,1.0568214363069184,1.332011505971285,0.0,0.0,0.0,2.75,2.75,5.5,0,18279619,0,0.21778546707101487,0.707349881244401,0.0,0.0,0.0,2.5,2.5,10.0,0,100947,0,0.7562118847737415,0.6783601256734899,0.0,0.17,0.55,3.43,6.1,40.96,0,662956,0,2.2626245666003704,1.9434700327530803,0.0,0.0,1.69,9.77,16.13,132.88,0,2913,0,21.65007671687081,11.540092208199061,0.0,6.051330504118616,18.38088955974843,60.15525843219076,75.50641648209742,260.71308,,,,,,,,,,,
2024-11-01,19987533,0,950,9653,0,2869,0,5.069119645130792,5.862599880959948,0.0,0.48,3.01,27.22,53.11,339.27,0,2869,0,8.15793700969479,9.434916492423753,0.0,0.7724831999999999,4.8441133999999995,43.8062348,85.4720474,546.0007817999999,0,2,0,1219.9194713524676,878.6962466932481,0.0,197.0,989.0,4354.0,6558.0,35714.0,0,108,2257,26.425260595192015,23.27254293231366,-41.15,6.86,19.62,118.82,217.03,1814.98,0,4714,99,20.62927234941901,17.310274007072024,-42.03,5.39,15.54,84.58,150.63,1015.91,0,16189669,0,1.172040025649989,3.5089891815382863,0.0,0.0,0.0,16.95,34.79,212.98,0,17266550,0,1.1874776817128958,4.060884156957997,0.0,0.0,0.0,21.0,33.88,93.37,0,12286932,0,1.0399993711079802,1.3280745479704088,0.0,0.0,0.0,2.75,2.75,5.5,0,18317739,0,0.20825800512749623,0.6926661151263882,0.0,0.0,0.0,2.5,2.5,7.25,0,59236,0,0.7344865762072788,0.6679002593683212,0.0,0.16,0.54,3.39,6.11,49.92,0,608062,0,2.201487447200212,1.9093664982362204,0.0,0.0,1.65,9.58,16.19,90.81,0,2869,0,21.65395466781981,11.635536991478443,0.0,6.035801209003216,18.310038113207547,60.3508089279926,75.86888571428571,191.189592,,,,,,,,,,,
2024-12-01,21068851,0,1982,0,0,3218,0,5.102386937379737,6.0377385363344755,0.0,0.46,2.95,27.952,54.22,555.25,0,3218,0,8.211475393802704,9.71677413606519,0.0,0.7402964000000001,4.747553,44.98427168,87.2584148,893.586035,0,6,0,1234.268374293406,922.9571757309162,0.0,191.0,980.0,4565.0,6748.0,30150.0,0,31868,2010,27.924307914560696,25.982918485294796,-25.59,6.45,20.04,131.62,242.67,2473.36,0,5099,995,21.53271675992203,18.487666446324837,-105.38,4.45,16.06,90.2,158.59,1237.6,0,16992582,0,1.2856735410013578,3.8714779165059374,0.0,0.0,0.0,19.0,39.44,336.21,0,18211487,0,1.2268723567317459,4.19419809292407,0.0,0.0,0.0,21.32,35.41,109.61,0,13292717,0,0.9935359075822408,1.3149265154809133,0.0,0.0,0.0,2.75,2.75,5.5,0,19259060,0,0.21418509011241288,0.701987344346133,0.0,0.0,0.0,2.5,2.5,7.25,0,105974,0,0.7739697637047223,0.7407185660041344,0.0,0.15,0.55,3.72,6.8,68.02,0,723721,0,2.295189797962879,2.08362248190464,0.0,0.0,1.67,10.4,17.92,101.47,0,3218,0,21.54128752729721,11.681296366309123,0.0,5.280415115207373,18.234912191235058,60.12509440377804,75.41551750318472,266.50670399999996,,,,,,,,,,,
2025-01-01,20405666,0,1081,0,0,2606,0,4.850547711062212,5.715668191133377,0.0,0.46,2.83,26.41,52.03,507.22,0,2606,0,7.80618045332086,9.198453446718775,0.0,0.7402964000000001,4.5544322,42.5026694,83.7339602,816.2894348000001,0,4,0,1093.575578126193,749.4461259226896,0.0,188.0,903.0,3685.0,5454.0,29402.0,0,14777,2427,24.265754373809706,20.990345331393804,-27.98,6.41,18.0,107.18,198.42,1420.4,0,4225,313,18.650945997057878,15.948435303424533,-55.02,4.01,13.94,76.98,141.69,994.2,0,16642254,0,1.0412690107737723,3.1383121788114092,0.0,0.0,0.0,15.0,30.86,201.98,0,17779819,0,1.0269331042662366,3.531887040040911,0.0,0.0,0.0,20.0,31.05,107.62,0,12729465,0,1.0118726460582075,1.3197730607088263,0.0,0.0,0.0,2.75,2.75,5.5,0,18862790,0,0.1887534369130613,0.663203512719067,0.0,0.0,0.0,2.5,2.5,7.25,0,81511,0,0.6656353828392565,0.5984784404235899,0.0,0.15,0.49,3.04,5.54,39.02,0,583350,0,2.039704293405567,1.731798936578371,0.0,0.0,1.52,8.7,14.76,114.32,0,2606,0,22.427095138540825,11.869102491356635,0.0,6.85951328189911,18.78586528610354,61.36990238946378,76.88406385988547,325.71471512195126,0,14105454,0,0.46312261996251436,0.6929664457898982,0.0,0.0,0.0,1.5,1.5,3.0
2025-02-01,19339461,0,1156,0,0,2469,0,4.902430657090185,5.730252730652319,0.0,0.46,2.88,26.55,51.78,518.98,0,2469,0,7.889677753681517,9.221924929546928,0.0,0.7402964000000001,4.6348991999999996,42.727977,83.3316252,835.2152732000001,0,4,0,1130.1153507845952,780.1052214292041,0.0,189.0,932.0,3830.0,5649.0,29402.0,0,1190,518,24.974288229646113,20.858439918243707,-19.0,6.27,18.85,106.24,195.44,1612.62,0,5262,238,19.124087351762284,16.403790568803768,-94.96,4.0,14.33,79.45,143.74,898.04,0,15916253,0,1.0179735066039328,3.108011391016832,0.0,0.0,0.0,15.0,30.22,279.49,0,16796405,0,1.0511316158190758,3.5421388719963995,0.0,0.0,0.0,19.34,30.94,96.23,0,12030206,0,1.0189970651198603,1.3223627635288624,0.0,0.0,0.0,2.75,2.75,5.5,0,17848856,0,0.19249210719988524,0.6688698150934558,0.0,0.0,0.0,2.5,2.5,7.25,0,66334,0,0.6225833305281879,0.5396141829186571,0.0,0.14,0.46,2.73,4.97,40.32,0,580508,0,2.100135809886325,1.7323242389961384,0.0,0.0,1.6,8.64,14.61,151.54,0,2469,0,22.028098511231583,11.648589445611865,0.0,6.743172826603325,18.50285354473386,60.49074793650794,75.98168442930152,179.602344,0,12513965,0,0.5293968637492017,0.7168230001786123,0.0,0.0,0.0,1.5,1.5,3.0
2025-03-01,20536879,0,770,0,0,2185,0,5.028044024070065,5.887122999123708,0.0,0.469,2.95,27.38,53.0,403.24,0,2185,0,8.091832369696919,9.47438252740937,0.0,0.75478046,4.747553,44.0637292,85.29502,648.9502616,0,3,0,1152.3313209373246,812.1865077517928,0.0,189.0,943.0,4014.0,5901.0,31532.0,0,63828,382,27.6107184085761,23.61898167579336,-32.9,6.5,20.61,120.24,216.22,1350.24,0,4347,47,20.376891615809782,17.608029240536332,-25.67,4.0,15.2,85.49,152.41,1099.6,0,16912860,0,1.114816060901951,3.413699739407713,0.0,0.0,0.0,16.57,33.32,208.97,0,17694791,0,1.1058437511366745,3.658151405455041,0.0,0.0,0.0,20.0,31.8,169.13,0,13060923,0,0.9865714868359501,1.314867090215567,0.0,0.0,0.0,2.75,2.75,5.5,0,18810256,0,0.21037525419514813,0.697073377776062,0.0,0.0,0.0,2.5,2.5,7.25,0,134236,0,0.6870139971122194,0.605526140331792,0.0,0.15,0.51,3.06,5.49,33.72,0,718896,0,2.3058466478767294,1.9539340274828467,0.0,0.0,1.75,9.82,16.12,110.55,0,2185,0,22.204656869903065,11.6462070627204,0.0,6.740504376731302,18.716028148148148,60.802343745583045,76.17093757322176,322.54055999999997,0,13505909,0,0.5135375974119534,0.7117487015677705,0.0,0.0,0.0,1.5,1.5,3.0
2025-04-01,19753983,0,699,0,0,2327,0,5.021867669978252,5.84605614657165,0.0,0.47,2.98,27.347,52.95,382.38,0,2327,0,8.081892516002801,9.408291998923728,0.0,0.7563898,4.7958332,44.01062098,85.21455300000001,615.3794292,0,3,0,1176.0944619624306,831.0925700383636,0.0,192.0,963.0,4123.0,6100.0,32052.0,0,13888,345,26.473053441424952,24.045312451410506,-35.74,6.19,19.12,122.74,225.02,1282.28,0,4965,41,20.3132574099107,17.616406662998862,-46.14,4.0,15.15,85.57,152.83,838.44,0,16144647,0,1.1278928988650034,3.45764514265828,0.0,0.0,0.0,16.75,34.93,191.06,0,17055009,0,1.080966847546644,3.565550167720546,0.0,0.0,0.0,20.0,29.94,88.63,0,12333650,0,1.0182423210549487,1.3237379446775832,0.0,0.0,0.0,2.75,2.75,5.5,0,18095189,0,0.20995710080341773,0.696047085866558,0.0,0.0,0.0,2.5,2.5,7.25,0,70205,0,0.659262223724704,0.617836419662452,0.0,0.14,0.47,3.14,5.72,32.02,0,617947,0,2.2104191590121345,1.9738642424053288,0.0,0.0,1.62,9.98,16.64,109.71,0,2327,0,21.920804930971094,11.498770675454926,0.0,6.552788524137931,18.55653430782459,60.170695537190085,75.35625810810811,273.8516262295082,0,12826484,0,0.526033306801975,0.7157790369104303,0.0,0.0,0.0,1.5,1.5,3.0
2025-05-01,21091193,0,756,0,0,2785,0,5.097998786649954,5.975552359341132,0.0,0.47,3.02,27.82,54.66,276.18,0,2785,0,8.204413367307238,9.616695433982894,0.0,0.7563898,4.8602068,44.7718388,87.9665244,444.4675212,0,3,0,1244.524294666499,926.3444667059052,0.0,193.0,996.0,4599.0,7026.0,35036.0,0,135,327,28.097923265886383,26.04772500112168,-50.96,6.16,19.99,132.62,238.24,1691.79,0,6919,50,21.698797503773257,18.98420008086588,-27.12,4.0,16.12,92.39,164.01,954.21,0,17172942,0,1.2406834919200636,3.7885597814322143,0.0,0.0,0.0,18.5,38.32,199.4,0,18139957,0,1.1166883722509202,3.6501764603906137,0.0,0.0,0.0,20.0,30.62,93.49,0,13365704,0,0.992621884878679,1.316589618912794,0.0,0.0,0.0,2.75,2.75,5.5,0,19199738,0,0.22447381236329306,0.718537296648898,0.0,0.0,0.0,2.5,2.5,7.5,0,83486,0,0.6993010973822107,0.6689066943888352,0.0,0.13,0.49,3.39,6.06,42.28,0,695083,0,2.328690196898772,2.1301850880863773,0.0,0.0,1.68,10.71,17.7,158.45,0,2785,0,21.30702453015134,11.268620419141968,0.0,6.06309488372093,18.129754068155112,59.418673924412666,74.7861174228675,272.300328,0,13851444,0,0.5148893663815034,0.7121966587990991,0.0,0.0,0.0,1.5,1.5,3.0
2025-06-01,19868009,0,882,0,0,2500,0,5.128666503171003,6.0385417640624865,0.0,0.47,3.04,27.83,55.66,321.55,0,2500,0,8.25376815021322,9.718066802575294,0.0,0.7563898,4.8923936,44.7879322,89.5758644,517.483277,0,1,0,1220.4167519755,900.187960499867,0.0,193.0,980.0,4464.0,6746.0,34989.0,0,12414,487,28.03119362035723,25.82543251618846,-58.43,6.15,20.01,130.58,236.44,1450.51,0,5990,33,21.63705538939508,18.997898648045847,-20.07,4.0,16.06,91.79,165.02,1033.02,0,16115456,0,1.2362160511403029,3.732985353884234,0.0,0.0,0.0,18.11,37.34,237.6,0,17289602,0,1.1181524510080503,3.641199601085598,0.0,0.0,0.0,18.52,30.62,79.82,0,12781148,0,0.9657174757671995,1.308325587267881,0.0,0.0,0.0,2.75,2.75,5.5,0,18070272,0,0.2270360311393054,0.7243308400300869,0.0,0.0,0.0,2.5,2.5,10.0,0,93388,0,0.6992394124645303,0.6683771981935083,0.0,0.13,0.49,3.36,6.04,36.26,0,683114,0,2.3266365749079334,2.12392870256787,0.0,0.0,1.68,10.57,17.73,130.15,0,2500,0,21.698522993822422,11.246871565232405,0.0,6.320997133634603,18.50741,59.522390662824215,75.00793948955916,397.828848,0,13173962,0,0.505389241569198,0.7089899397269601,0.0,0.0,0.0,1.5,1.5,3.0
2025-07-01,19653012,0,1627,0,0,2155,0,5.110924645494543,6.017681580386695,0.0,0.47,3.061,27.39,56.64,450.59,0,2155,0,8.225215468980188,9.684495674580923,0.0,0.7563898,4.92618974,44.0798226,91.1530176,725.1525105999999,0,0,0,1188.2016754989006,858.3153543548096,1.0,192.0,967.0,4231.0,6604.0,35554.0,0,12123,470,26.572047325366718,24.867736159810367,-35.91,6.04,18.98,124.68,236.04,2215.64,0,6826,28,20.73065452155629,18.457311168664475,-35.38,4.0,15.42,88.19,166.31,1579.08,0,15947803,0,1.1722576773473705,3.560518319932073,0.0,0.0,0.0,17.03,35.75,250.39,0,17412348,0,1.1022798195004408,3.58979433336475,0.0,0.0,0.0,17.06,29.95,80.2,0,12718413,0,0.954688154161815,1.3046934714230796,0.0,0.0,0.0,2.75,2.75,5.5,0,17904424,0,0.22296483765440125,0.7173593998473031,0.0,0.0,0.0,2.5,2.5,7.5,0,77250,0,0.6660443818993241,0.6500500814669871,0.0,0.13,0.47,3.25,6.06,55.39,0,668592,0,2.2099957156694354,2.0373430611940266,0.0,0.0,1.6,10.03,17.52,126.11,0,2155,0,22.117306315904067,11.32944547257143,0.0,6.437360000000001,18.87276971792539,59.54991784366577,75.04411401047119,410.1517942857143,0,13031775,0,0.5053609339881338,0.7089803430225716,0.0,0.0,0.0,1.5,1.5,3.0
2025-08-01,19271461,0,1808,0,0,2220,0,5.1959393574259884,6.01942373706256,0.0,0.48,3.15,27.082,56.79,441.99,0,2220,0,8.36203304547994,9.687299397004772,0.0,0.7724831999999999,5.069421,43.58414588,91.3944186,711.3121866,0,1,0,1185.5126819912616,844.3207704312953,0.0,194.0,969.0,4158.0,6375.0,35931.0,0,185443,772,26.47200342361173,24.51965035685988,-36.26,4.34,19.24,121.75,231.68,1488.94,0,7028,25,20.809935247773897,18.304303268258032,-20.77,4.0,15.59,87.19,166.77,1123.83,0,15701443,0,1.1420528687472113,3.485113077038045,0.0,0.0,0.0,16.73,35.0,210.86,0,17037943,0,1.1121158048162514,3.5798989199398266,0.0,0.0,0.0,17.06,29.94,98.46,0,12669962,0,0.9266901585717865,1.2954395468319275,0.0,0.0,0.0,2.75,2.75,8.25,0,17509269,0,0.22900708358333602,0.7251094158167928,0.0,0.0,0.0,2.5,3.0,6.85,0,236141,0,0.6604995542372216,0.6425579556067534,0.0,0.0,0.47,3.18,5.98,37.19,0,813506,0,2.1959315995813706,2.0290965544271122,0.0,0.0,1.6,9.96,17.13,118.55,0,2220,0,22.479620431113815,11.294573420934372,0.0,6.959308108108109,19.184185430463575,59.45711881653372,74.60182461906436,492.00918951132303,0,12987285,0,0.48913292043607903,0.7031753914497044,0.0,0.0,0.0,1.5,1.5,4.5
2025-09-01,19434641,0,1828,0,0,2177,0,5.1586714219727545,5.993175713980825,0.0,0.473,3.086,27.797,54.35,318.98,0,2177,0,8.302056266237633,9.645057403538118,0.0,0.7612178199999999,4.96642324,44.73482398,87.467629,513.3472732,0,3,0,1258.602766318143,908.2715896757431,0.0,197.0,1020.0,4453.0,6592.0,35705.0,0,1941,1042,28.680745145228048,25.89192958784921,-46.41,6.74,20.88,130.66,236.43,1403.2,0,7449,26,22.037268313831987,19.06598813455885,-37.99,4.0,16.57,92.07,165.05,2022.09,0,15626545,0,1.2965200993422004,3.8040835204931756,0.0,0.0,0.0,18.57,37.21,231.88,0,17064296,0,1.17633261556002,3.6676393177937476,0.0,0.0,0.0,16.06,29.94,76.07,0,12075469,0,1.026900291083329,1.3261471332134178,0.0,0.0,0.0,2.75,2.75,8.25,0,17656643,0,0.22963878005258753,0.7266238222181179,0.0,0.0,0.0,2.5,3.0,7.5,0,102848,0,0.7148941830209264,0.6729092524451524,0.0,0.13,0.51,3.38,6.06,35.95,0,740346,0,2.3685280988725235,2.135920931959256,0.0,0.0,1.74,10.61,17.79,128.98,0,2177,0,21.36073525249837,11.393170488407891,0.0,5.850239218241042,18.14513729361702,59.30532475136911,74.43037969865188,272.300328,0,12445539,0,0.5394367459630461,0.7198477201156471,0.0,0.0,0.0,1.5,1.5,4.5
